,time,ETH,0xaaaebe6fe48e54f431b0c390cfaf0b017d09d42d,0x09a3ecafa817268f77be1283176b946c4ff2e608,0x85eee30c52b0b379b046fb0f85f4f3dc3009afec,0xa3ee21c306a700e682abcdfe9baa6a08f3820419,0xbe9375c6a420d2eeb258962efb95551a5b722803,0x15d4c048f83bd7e37d49ea4c83a07267ec4203da,0x4fe83213d56308330ec302a8bd641f1d0113a4cc
0,1623196800,2509.23,7.093,4.217,0.2883,3.371,0.02231,0.0,0.351159856734541
1,1623283200,2610.64,7.225,4.172,0.297,3.65,0.02337,0.0,0.3341684780489219
2,1623369600,2471.56,7.239,3.993,0.3812,3.314,0.02326,0.0,0.3043154425136998
3,1623456000,2355.09,7.218,3.848,0.3983,3.264,0.02207,0.0,0.2718486441853643
4,1623542400,2369.62,6.961,3.742,0.3948,3.149,0.02024,0.0,0.3162515592246863
5,1623628800,2509.7,7.012,3.82,0.4764,3.277,0.02136,0.0,0.3113038763021213
6,1623715200,2582.12,6.94,3.933,0.5019,3.372,0.02244,0.0,0.3112927601156751
7,1623801600,2543.6,6.78,4.027,0.5712,3.296,0.02236,0.0,0.3018231185674443
8,1623888000,2367.7,6.639,3.87,0.5217,3.211,0.02084,0.0,0.2772731833532003
9,1623974400,2372.31,6.814,4.7,0.6299,3.157,0.02071,0.0,0.3392528217462514
10,1624060800,2233.57,6.358,5.143,0.5267,2.923,0.01963,0.0,0.292091445138444
11,1624147200,2166.61,6.183,4.619,0.4588,2.888,0.01891,0.0,0.2858144376840547
12,1624233600,2243.6,6.215,4.502,0.4152,2.83,0.01923,0.0,0.2825914682153594
13,1624320000,1887.89,5.412,4.567,0.3,2.293,0.01378,0.0,0.2315074541802629
14,1624406400,1880.83,5.374,4.693,0.2535,2.437,0.01238,0.0,0.2149075764875286
15,1624492800,1968.56,5.724,4.82,0.2704,2.743,0.01313,0.0,0.2286837316261271
16,1624579200,1989.01,5.708,4.659,0.2698,2.741,0.01406,0.0,0.2305822056229529
17,1624665600,1810.27,5.467,4.15,0.2434,2.425,0.013,0.0,0.2122773375636748
18,1624752000,1830.94,4.867,4.044,0.2452,2.408,0.01324,0.0,0.223687937776675
19,1624838400,1983.33,5.238,4.101,0.2972,2.485,0.0143,0.0,0.233530635187819
20,1624924800,2083.8,5.955,4.088,0.2843,2.338,0.01634,0.0,0.2326600064033585
21,1625011200,2165.61,6.208,4.137,0.2861,2.726,0.01756,0.0,0.2391262256710992
22,1625097600,2276.14,6.328,3.987,0.2715,2.465,0.01882,0.0,0.234236605253936
23,1625184000,2109.29,5.947,3.798,0.253,2.474,0.02033,0.0,0.2304197743442612
24,1625270400,2155.65,6.201,3.738,0.261,2.464,0.02147,0.0,0.2348657296574469
25,1625356800,2227.18,6.789,3.821,0.264,2.609,0.02147,0.0,0.2335436301378875
26,1625443200,2323.27,6.927,3.914,0.2709,2.646,0.02168,0.0,0.2453323674795357
27,1625529600,2196.71,6.787,3.779,0.2584,2.534,0.02039,0.0,0.2390662591121563
28,1625616000,2322.63,6.846,3.847,0.3265,2.498,0.02079,0.0,0.2589760195021533
29,1625702400,2317.12,6.813,3.958,0.3167,2.514,0.02085,0.0,0.2530983881565661
30,1625788800,2114.51,6.454,3.694,0.2834,2.437,0.0184,0.0,0.2405861080183009
31,1625875200,2145.67,6.439,3.713,0.2798,2.409,0.01852,0.0,0.2401772367456729
32,1625961600,2110.47,6.211,3.737,0.2796,2.385,0.01859,0.0,0.2327753909705182
33,1626048000,2140.45,6.196,3.737,0.3093,2.429,0.01916,0.0,0.2371021155087029
34,1626134400,2032.88,5.961,3.523,0.2904,2.361,0.01996,0.0,0.231141151083632
35,1626220800,1940.61,5.908,3.338,0.2879,2.312,0.01923,0.0,0.2253604202913115
36,1626307200,1994.22,5.622,3.273,0.2964,2.265,0.01829,0.0,0.2235477126966214
37,1626393600,1918.17,5.448,3.366,0.2802,2.129,0.01717,0.0,0.2137011493403399
38,1626480000,1877.05,5.277,3.117,0.2672,1.956,0.01545,0.0,0.2060838189659596
39,1626566400,1899.96,5.407,3.002,0.261,1.952,0.01624,0.0,0.206368726907642
40,1626652800,1891.96,5.307,2.973,0.2607,1.993,0.01612,0.0,0.2049338967532866
41,1626739200,1818.6,4.941,2.774,0.2473,1.877,0.01555,0.0,0.1920494843061183
42,1626825600,1786.52,4.84,2.632,0.223,1.671,0.01417,0.0,0.1774348846817788
43,1626912000,1994.98,5.261,2.731,0.2394,1.831,0.01516,0.0,0.1922192361827023
44,1626998400,2024.74,5.284,2.756,0.2478,1.843,0.01577,0.0,0.1937423800069543
45,1627084800,2125.57,5.928,2.755,0.2462,1.902,0.01603,0.0,0.1931504248412736
46,1627171200,2185.98,5.914,2.797,0.249,2.012,0.01681,0.0,0.2038707640683682
47,1627257600,2194.34,5.855,2.93,0.2529,2.204,0.01681,0.0,0.2065388044463469
48,1627344000,2228.67,6.02,2.988,0.2448,2.332,0.01903,0.0,0.2019629149268809
49,1627430400,2301.98,5.945,2.922,0.2524,2.22,0.01922,0.0,0.206492809725573
50,1627516800,2301.12,5.937,2.907,0.2475,2.373,0.01965,0.0,0.2093527233294195
51,1627603200,2383.24,5.967,2.925,0.2611,2.312,0.02095,0.0,0.2122206012126803
52,1627689600,2463.61,6.278,2.952,0.2765,2.398,0.02313,0.0,0.2212239743144397
53,1627776000,2531.75,6.244,2.965,0.2968,2.388,0.0239,0.0,0.2340608689869692
54,1627862400,2556.41,6.112,2.947,0.2735,2.299,0.02211,0.0,0.218179054301285
55,1627948800,2608.44,5.981,2.961,0.2803,2.367,0.02215,0.0,0.2204492039814769
56,1628035200,2508.21,5.754,2.918,0.2788,2.43,0.02129,0.0,0.2144784818795849
57,1628121600,2725.72,5.947,3.069,0.2913,2.475,0.02306,0.0,0.2209723221014569
58,1628208000,2829.23,6.15,3.13,0.3117,2.512,0.02456,0.0,0.2423867762748043
59,1628294400,2892.36,6.21,3.328,0.3145,2.498,0.02519,0.0,0.2422697820315364
60,1628380800,3162.43,6.618,3.433,0.3192,2.83,0.02571,0.0,0.2550821433272563
61,1628467200,3013.75,6.327,3.208,0.2948,2.756,0.02553,0.0,0.235092928716728
62,1628553600,3164.94,6.494,3.438,0.3318,3.051,0.02605,0.0,0.2777275346747697
63,1628640000,3141.67,6.436,3.419,0.3329,3.012,0.02683,0.0,0.2738589722601105
64,1628726400,3163.42,6.388,3.605,0.3427,3.015,0.02974,0.0,0.2717352873780119
65,1628812800,3047.29,6.17,3.403,0.3412,2.995,0.02831,0.0,0.2626813042169288
66,1628899200,3324.26,6.267,3.811,0.3976,3.192,0.03045,0.0,0.2991910624988974
67,1628985600,3266.71,6.187,4.004,0.3917,3.124,0.03018,0.0,0.2886173654760791
68,1629072000,3311.12,6.267,4.017,0.3925,3.024,0.0299,0.0,0.3062110843998346
69,1629158400,3147.63,6.222,3.921,0.3753,3.35,0.031,0.0,0.2860667820266837
70,1629244800,3011.96,6.214,4.146,0.3544,3.146,0.02849,0.0,0.2702086496893371
71,1629331200,3013.52,6.045,4.439,0.352,3.061,0.02775,0.0,0.2836022770584768
72,1629417600,3184.74,6.177,4.495,0.3763,3.077,0.0293,0.0,0.2863257703204747
73,1629504000,3286.5,6.107,4.507,0.3897,3.196,0.03027,0.0,0.3135387494980619
74,1629590400,3226.59,5.824,4.278,0.4337,3.114,0.02998,0.0,0.3024021376838448
75,1629676800,3241.65,6.153,4.245,0.4427,3.122,0.03209,0.0,0.3142267746671599
76,1629763200,3322.71,5.91,4.133,0.4236,3.506,0.03366,0.0,0.3272020821626655
77,1629849600,3172.57,5.509,3.988,0.4039,3.412,0.03077,0.0,0.3027336153835332
78,1629936000,3228.86,5.677,4.025,0.4189,3.969,0.032,0.0,0.3085166672418316
79,1630022400,3093.62,5.576,3.701,0.3906,4.076,0.02914,0.0,0.2890419721744857
80,1630108800,3275.87,5.87,3.993,0.421,4.835,0.0305,0.0,0.3089390438761511
81,1630195200,3246.78,5.899,4.119,0.4149,4.593,0.03075,0.0,0.3020286965674294
82,1630281600,3225.3,5.664,4.232,0.4057,4.43,0.03412,0.0,0.3139069333179733
83,1630368000,3228.46,5.563,3.994,0.3973,4.247,0.0317,0.0,0.3277467084876728
84,1630454400,3435.17,5.511,3.95,0.451,4.164,0.03294,0.0,0.3216293620427348
85,1630540800,3829.18,5.709,4.068,0.4475,4.351,0.03531,0.0,0.332484286829237
86,1630627200,3787.7,5.845,3.949,0.438,4.353,0.03485,0.0,0.3256991436090915
87,1630713600,3939.79,6.401,4.157,0.4501,4.265,0.03589,0.0,0.3337925757968587
88,1630800000,3887.01,6.378,4.116,0.4744,4.28,0.05586,0.0,0.3351492633685616
89,1630886400,3952.33,6.333,4.222,0.4806,4.153,0.04336,0.0,0.34038077843016
90,1630972800,3928.4,6.279,4.142,0.6203,4.271,0.04329,0.0,0.4845241487111146
91,1631059200,3433.48,6.027,3.583,0.47,3.559,0.03464,0.0,0.3477110399738389
92,1631145600,3499.69,5.861,3.482,0.4458,3.656,0.03482,0.0,0.3366779545711978
93,1631232000,3424.24,5.88,3.509,0.4525,3.732,0.03869,0.0,0.3355397583396969
94,1631318400,3209.41,5.666,3.994,0.4097,3.684,0.03501,0.0,0.3084799350885241
95,1631404800,3266.43,5.607,3.647,0.4075,3.734,0.03472,0.0,0.3151714438197904
96,1631491200,3405.32,5.586,3.631,0.4354,3.932,0.03562,0.0,0.3235513556407748
97,1631577600,3285.4,5.243,3.488,0.4145,3.812,0.03289,0.0,0.3155218047356189
98,1631664000,3436.05,5.22,3.659,0.4313,3.83,0.03398,0.0,0.3141279953411549
99,1631750400,3615.22,5.216,3.744,0.4843,3.852,0.03525,0.0,0.3418734554299612
100,1631836800,3569.26,5.494,3.582,0.4985,4.17,0.03412,0.0,0.3351335748787171
101,1631923200,3398.82,5.397,3.491,0.4674,3.948,0.03358,0.0,0.3251121120818246
102,1632009600,3435.76,5.472,3.749,0.4771,3.898,0.03515,0.0,0.332119110081962
103,1632096000,3328.85,5.442,3.61,0.4469,3.92,0.03326,0.0,0.3254388976466898
104,1632182400,2966.51,5.066,3.167,0.3781,3.537,0.02771,0.0,0.2739470448469774
105,1632268800,2760.2,5.015,3.011,0.3426,3.326,0.02473,0.0,0.2556534962188058
106,1632355200,3078.88,5.148,3.206,0.3903,3.723,0.02808,0.0,0.308866972331592
107,1632441600,3154.62,5.08,3.204,0.3935,3.423,0.02931,0.0,0.3005380238683481
108,1632528000,2930.86,5.033,3.031,0.3565,2.498,0.02661,0.0,0.2797767101947898
109,1632614400,2925.34,5.047,3.042,0.3955,2.217,0.02636,0.0,0.295631244263862
110,1632700800,3064.21,5.06,2.922,0.3584,2.272,0.02556,0.0,0.2755413605247032
111,1632787200,2927.73,5.024,2.904,0.347,2.579,0.02494,0.0,0.2616960959109368
112,1632873600,2807.44,5.001,2.755,0.3368,2.356,0.02336,0.0,0.2593380720746778
113,1632960000,2850.87,5.004,2.774,0.3442,2.346,0.02383,0.08599,0.2620649392925882
114,1633046400,3000.83,5.035,2.857,0.3619,2.463,0.02599,0.1008,0.2718309369027851
115,1633132800,3310.63,5.911,3.049,0.4012,2.702,0.02903,0.1007,0.2932776185534799
116,1633219200,3389.48,5.76,3.075,0.4075,2.797,0.03044,0.1015,0.3017943467211268
117,1633305600,3420.14,5.72,3.055,0.4126,2.829,0.03068,0.1143,0.3010022083633609
118,1633392000,3384.5,5.617,2.983,0.3942,2.844,0.02955,0.1124,0.3069113841429152
119,1633478400,3516.09,5.751,3.054,0.4087,2.816,0.03221,0.1046,0.3199473437980201
120,1633564800,3576.19,5.89,3.087,0.426,2.632,0.0329,0.09906,0.3151426432637643
121,1633651200,3588.2,5.69,3.1,0.4193,2.576,0.03463,0.0963,0.309528630898449
122,1633737600,3562.84,5.671,3.173,0.4241,2.608,0.03745,0.09981,0.3093926410255082
123,1633824000,3576.4,5.788,3.287,0.4291,2.58,0.03576,0.09894,0.3187401504417315
124,1633910400,3416.49,5.623,2.975,0.4213,2.527,0.0342,0.09026,0.2885825366674683
125,1633996800,3544.14,5.748,2.835,0.417,2.602,0.03346,0.08855,0.2965514520134405
126,1634083200,3490.61,5.625,2.831,0.4037,2.521,0.0318,0.08626,0.2880797228285792
127,1634169600,3607.55,5.661,2.805,0.4171,2.624,0.03312,0.08491,0.2915666775752025
128,1634256000,3791.23,5.667,2.905,0.4139,2.443,0.0334,0.0912,0.2948161196182539
129,1634342400,3868.16,5.837,3.05,0.7208,2.528,0.03125,0.08944,1.42781972561843
130,1634428800,3829.61,5.662,3.081,0.9346,2.499,0.03144,0.08706,1.565787668400518
131,1634515200,3846.66,5.602,2.945,0.909,2.54,0.03012,0.08367,1.478020887181259
132,1634601600,3746.14,5.409,2.938,0.8273,2.432,0.03087,0.08375,1.3111643471112335
133,1634688000,3877.45,5.247,2.931,0.7779,2.607,0.03083,0.08293,1.224491189054519
134,1634774400,4162.49,5.308,3.04,0.7702,2.7,0.03205,0.08715,1.1832596099516175
135,1634860800,4062.76,5.138,2.997,0.7284,2.571,0.03193,0.08346,1.1401528581261822
136,1634947200,3971.95,4.995,3.284,0.7399,2.521,0.03225,0.08436,1.1318208581162978
137,1635033600,4168.96,4.994,3.13,0.7291,2.649,0.03193,0.084,1.153993720467398
138,1635120000,4082.08,5.126,2.982,0.7,2.736,0.03127,0.08156,1.105394145498912
139,1635206400,4220.26,5.034,3.038,0.8059,2.907,0.03186,0.08517,1.1190306427132528
140,1635292800,4129.95,4.88,3.02,0.7347,2.775,0.03089,0.09047,1.1096526837705
141,1635379200,3924.31,4.658,2.785,0.6332,2.679,0.02676,0.07542,0.9357707205271512
142,1635465600,4288.22,4.719,2.978,0.6436,2.797,0.02839,0.08122,0.9519696629824242
143,1635552000,4417.4,4.63,3.08,0.6685,2.754,0.0296,0.0928,0.9429169580359686
144,1635638400,4323.94,4.654,3.256,0.6515,2.632,0.03035,0.1046,0.980132542441924
145,1635724800,4290.1,4.474,3.145,0.653,2.59,0.03239,0.09571,0.9354915885381676
146,1635811200,4322.79,4.32,3.122,0.676,2.554,0.03173,0.09083,0.9103541846178596
147,1635897600,4593.15,4.19,3.19,0.7225,2.577,0.03376,0.09805,0.9321388088782676
148,1635984000,4604.4,4.155,3.77,0.6889,2.55,0.03237,0.09502,0.913958704819544
149,1636070400,4536.99,4.29,3.522,0.7368,2.949,0.03303,0.09217,0.9433747052730505
150,1636156800,4480.09,4.528,3.337,0.7111,2.838,0.03293,0.09153,0.9209654080147248
151,1636243200,4521.41,4.402,3.541,0.7274,2.709,0.03287,0.09045,0.9321175171366544
152,1636329600,4617.13,4.309,3.445,0.731,3.049,0.03255,0.09116,0.9211037093297724
153,1636416000,4810.97,4.372,3.606,0.7267,2.78,0.03209,0.09322,0.9135330312546776
154,1636502400,4732.07,4.497,3.668,0.7038,3.106,0.03227,0.08903,0.8995545699152845
155,1636588800,4632.98,4.519,3.321,0.654,2.976,0.02956,0.08246,0.8590597026088455
156,1636675200,4722.68,4.567,3.312,0.678,3.138,0.03008,0.08621,0.8719273446488638
157,1636761600,4668.7,4.556,3.161,0.653,2.951,0.02993,0.08469,0.8577242599053123
158,1636848000,4645.64,4.773,3.145,1.014,2.953,0.03061,0.09468,1.111137686943806
159,1636934400,4627.5,4.717,3.116,0.868,3.15,0.03026,0.09368,1.042298197493308
160,1637020800,4561.38,4.601,3.09,0.8122,2.763,0.03161,0.1247,0.9647601832928012
161,1637107200,4210.14,4.412,2.803,0.7314,2.656,0.02947,0.1148,0.8837705490915023
162,1637193600,4289.75,4.168,2.836,0.7171,2.59,0.03209,0.2731,0.903030474755142
163,1637280000,3998.17,3.96,2.652,0.6442,2.501,0.02867,0.23,0.8067960490731698
164,1637366400,4299.27,4.092,2.759,0.713,2.53,0.02979,0.2349,0.8502513097980365
165,1637452800,4415.72,4.008,3.01,0.7418,2.457,0.03281,0.3544,0.9014258267075962
166,1637539200,4264.61,4.011,2.936,0.7156,2.58,0.0313,0.371,0.9079656022835711
167,1637625600,4090.46,3.911,2.799,0.7239,2.476,0.03019,0.393,0.8352644617468411
168,1637712000,4341.17,3.886,2.837,0.7439,2.423,0.03043,0.3771,0.8447769216580348
169,1637798400,4271.96,4.307,2.699,0.7985,2.375,0.03195,0.5832,0.8211422365288248
170,1637884800,4523.8,4.408,2.788,0.7907,2.352,0.03497,0.7436,0.8317661612234973
171,1637971200,4042.55,3.933,2.612,0.7263,2.218,0.03052,0.2256,0.7885009950226523
172,1638057600,4100.3,3.903,2.661,0.8411,2.307,0.03153,0.7117,0.9772291149815366
173,1638144000,4297.92,3.811,2.638,0.8179,2.441,0.03052,0.6604,0.9256445720505236
174,1638230400,4448.49,3.772,2.677,0.8462,2.457,0.03123,0.7111,0.9291816079956492
175,1638316800,4631.1,3.81,2.707,0.8197,2.37,0.03015,0.6506,0.908667888548364
176,1638403200,4587.74,3.945,2.72,0.8167,2.397,0.03028,0.621,0.9447295623453748
177,1638489600,4514.8,3.986,2.649,0.8429,2.388,0.03576,0.6449,0.8839087287553429
178,1638576000,4219.32,3.728,2.695,0.8032,2.389,0.03013,0.5065,0.8474555628481454
179,1638662400,4124.26,3.894,2.324,0.7382,2.079,0.02561,0.5611,0.7951079362243559
180,1638748800,4201.09,3.719,2.228,0.6989,1.969,0.02298,0.4878,0.7661541341949273
181,1638835200,4357.17,3.735,2.191,0.6951,2.139,0.0241,0.5105,0.7816390353039426
182,1638921600,4309.7,3.632,2.156,0.7055,2.1,0.02487,0.4778,0.7923330471247435
183,1639008000,4439.98,3.675,2.21,0.7274,2.162,0.02602,0.5025,0.801698046149662
184,1639094400,4111.92,3.465,2.386,0.6481,2.109,0.02718,0.4961,0.7469434692186926
185,1639180800,3902.49,3.927,2.767,0.6118,2.071,0.02412,0.4808,0.7326746922843984
186,1639267200,4088.68,3.896,2.542,0.6635,2.214,0.02461,0.5676,0.7505460865976589
187,1639353600,4135.31,3.897,2.428,0.6703,2.188,0.02415,0.5919,0.7522166494707946
188,1639440000,3785.08,3.787,2.169,0.593,2.072,0.02108,0.5056,0.7320385593510034
189,1639526400,3862.18,3.755,2.161,0.6174,2.367,0.02124,0.5041,0.7318798471619208
190,1639612800,4020.19,3.847,2.317,0.6383,2.309,0.02207,0.501,0.7396658952839729
191,1639699200,3957.03,3.806,2.275,0.617,2.233,0.02157,0.4667,0.7246894352088694
192,1639785600,3876.37,3.78,2.474,0.5929,2.179,0.0219,0.4528,0.710239268085913
193,1639872000,3961.96,3.765,2.567,0.6036,2.154,0.02227,0.4652,0.7232979756092993
194,1639958400,3924.55,3.775,2.581,0.6,2.162,0.0219,0.444,0.7316175732040687
195,1640044800,3945.57,3.796,2.44,0.5903,2.236,0.02127,0.4303,0.7208085778001648
196,1640131200,4017.7,3.823,2.513,0.6234,2.355,0.0223,0.4413,0.7405932455526493
197,1640217600,3981.26,3.943,2.464,0.6559,2.157,0.02257,0.4378,0.7432289067368054
198,1640304000,4112.35,3.982,2.512,0.6933,2.489,0.02414,0.5131,0.7936118383526757
199,1640390400,4047.87,3.924,2.536,0.6739,2.526,0.02376,0.4726,0.7815485461231
200,1640476800,4097.06,3.85,2.65,0.7016,2.523,0.02446,0.4979,0.8288002161073238
201,1640563200,4063.44,3.852,2.729,0.7151,2.497,0.02446,0.5113,0.8249258055748865
202,1640649600,4037.87,3.812,2.634,0.7066,2.345,0.02423,0.5367,0.8151320554014406
203,1640736000,3793.54,3.81,2.459,0.6392,2.139,0.02193,0.4667,0.7435831644639042
204,1640822400,3629.31,3.96,2.392,0.6189,2.189,0.02123,0.4497,0.7346562086406083
205,1640908800,3710.08,4.494,2.378,0.6528,2.134,0.02152,0.462,0.7582009097663371
206,1640995200,3675.79,4.385,2.443,0.734,2.272,0.0211,0.4507,0.7416009501840515
207,1641081600,3766.74,4.229,2.471,0.7491,2.267,0.0217,0.4618,0.7565699875434753
208,1641168000,3830.92,4.243,2.401,0.7497,2.14,0.02314,0.4568,0.7693112170481777
209,1641254400,3765.16,4.094,2.291,0.8252,2.121,0.02285,0.4411,0.7458436557203798
210,1641340800,3785.67,4.01,2.212,0.8394,2.107,0.02215,0.4257,0.7368559769309986
211,1641427200,3536.77,3.596,2.094,0.7723,2.099,0.02034,0.3767,0.6860124764620704
212,1641513600,3406.48,3.538,2.024,0.7188,1.942,0.02034,0.3827,0.6746867585587724
213,1641600000,3196.47,3.313,1.914,0.6471,1.911,0.01911,0.3444,0.6485367846184951
214,1641686400,3080.81,3.204,1.838,0.6124,1.807,0.01824,0.3147,0.6185636764877117
215,1641772800,3150.83,3.199,1.85,0.6205,1.77,0.01853,0.328,0.6280901796406705
216,1641859200,3083.68,3.076,1.752,0.5881,1.626,0.01776,0.3068,0.5957243038124524
217,1641945600,3240.32,3.159,1.77,0.6178,1.836,0.01853,0.3209,0.609984273702758
218,1642032000,3373.03,3.276,1.809,0.6671,2.05,0.01936,0.3596,0.6839134802109428
219,1642118400,3242.26,3.377,1.873,0.6276,1.833,0.01851,0.3268,0.6424550565844365
220,1642204800,3309.66,3.172,1.728,0.6442,1.814,0.01867,0.3249,0.6431726360754815
221,1642291200,3328.63,3.204,1.733,0.6512,1.89,0.01891,0.3358,0.64102620841116
222,1642377600,3349.61,3.209,1.702,0.6548,1.946,0.01906,0.329,0.64102151273279
223,1642464000,3210.9,3.105,1.642,0.6171,1.854,0.01827,0.3043,0.6162302752676044
224,1642550400,3161.5,3.07,1.587,0.6167,1.832,0.01793,0.3,0.6040737564029977
225,1642636800,3084.78,3.047,1.529,0.5909,1.796,0.01694,0.278,0.580448126722385
226,1642723200,3002.43,3.065,1.498,0.5687,1.796,0.01612,0.2617,0.5647026456968329
227,1642809600,2569.59,2.619,1.406,0.4607,1.567,0.01393,0.2161,0.5016207544815271
228,1642896000,2412.23,2.585,1.287,0.4085,1.202,0.01245,0.1813,0.4584148400658426
229,1642982400,2541.6,2.476,1.302,0.4322,1.172,0.01332,0.1962,0.4641611391508253
230,1643068800,2442.27,2.342,1.262,0.3976,1.113,0.01309,0.1853,0.4479503522109513
231,1643155200,2459.65,2.21,1.209,0.4021,1.166,0.01328,0.187,0.4435780606715052
232,1643241600,2464.13,2.245,1.193,0.4079,1.229,0.01343,0.2101,0.4460059413513099
233,1643328000,2425.83,2.048,1.153,0.3957,1.259,0.01363,0.1885,0.4507037926501102
234,1643414400,2547.03,2.325,1.157,0.4133,1.235,0.01421,0.1901,0.4809176648656301
235,1643500800,2603.1,2.408,1.168,0.437,1.31,0.01531,0.1922,0.5126892115800821
236,1643587200,2603.24,2.567,1.139,0.4279,1.28,0.01512,0.1897,0.4931866905348393
237,1643673600,2689.14,2.551,1.143,0.4473,1.3,0.01538,0.1978,0.4962887268386921
238,1643760000,2790.15,2.602,1.164,0.4464,1.291,0.01515,0.2058,0.4955468939137181
239,1643846400,2681.11,2.421,1.154,0.4182,1.207,0.01467,0.1866,0.479964107848193
240,1643932800,2697.18,2.47,1.278,0.4373,1.315,0.01519,0.1869,0.4882032103618944
241,1644019200,2997.18,2.735,1.26,0.4768,1.39,0.01624,0.2017,0.5223690898401832
242,1644105600,3015.26,2.687,1.266,0.4979,1.488,0.01707,0.2925,0.5476442650753006
243,1644192000,3057.68,2.986,1.276,0.5176,1.459,0.01737,0.3202,0.5564330180226347
244,1644278400,3141.38,3.137,1.326,0.5661,1.5,0.01772,0.348,0.5639141399872756
245,1644364800,3118.76,3.073,1.344,0.5807,1.386,0.01693,0.3807,0.5462762466765417
246,1644451200,3246.72,3.295,1.364,0.7332,1.429,0.01808,0.359,0.5908069237368209
247,1644537600,3074.84,3.461,1.256,0.6735,1.403,0.0166,0.3274,0.5791007197457876
248,1644624000,2928.93,3.172,1.223,0.6553,1.363,0.01546,0.3067,0.5300002929649557
249,1644710400,2918.34,3.172,1.196,0.643,1.312,0.01523,0.3096,0.5181159048222028
250,1644796800,2872.44,3.091,1.175,0.6163,1.32,0.01502,0.2808,0.5206201400637467
251,1644883200,2931.12,3.156,1.169,0.5942,1.325,0.01515,0.2946,0.5153567612504477
252,1644969600,3185.81,3.615,1.304,0.623,1.446,0.01634,0.356,0.5444388786282177
253,1645056000,3124.33,3.513,1.495,0.6016,1.501,0.01584,0.3325,0.5491329103942824
254,1645142400,2894.42,3.283,1.356,0.5615,1.337,0.01427,0.3017,0.4989799922846966
255,1645228800,2780.72,3.133,1.247,0.6119,1.268,0.01399,0.2899,0.4919642454080563
256,1645315200,2764.5,3.154,1.253,0.6205,1.265,0.01377,0.2816,0.4787881745445864
257,1645401600,2622.7,3.125,1.163,0.5898,1.197,0.01301,0.2504,0.4481603304789501
258,1645488000,2570.15,3.053,1.139,0.5524,1.141,0.01227,0.2245,0.4169253077217955
259,1645574400,2638.81,3.093,1.188,0.5662,1.183,0.01266,0.2423,0.4220727305732319
260,1645660800,2580.97,3.078,1.103,0.6011,1.166,0.01283,0.2181,0.4995068294717128
261,1645747200,2597.94,2.927,1.058,0.5643,1.127,0.01317,0.2278,0.4724098012670253
262,1645833600,2769.0,3.09,1.302,0.5801,1.217,0.01387,0.2591,0.4779343463507074
263,1645920000,2780.32,3.142,1.538,0.6187,1.204,0.01422,0.2493,0.4754108358061457
264,1646006400,2617.32,2.889,1.299,0.8032,1.153,0.01333,0.2318,0.540033380857008
265,1646092800,2919.85,3.182,1.41,0.8084,1.259,0.01523,0.2607,0.574702989867087
266,1646179200,2976.59,3.208,1.36,0.8673,1.308,0.01534,0.2588,0.5900441974488666
267,1646265600,2949.03,3.159,1.315,0.896,1.303,0.0147,0.2543,0.6159554428702702
268,1646352000,2833.71,3.1,1.264,0.8126,1.164,0.01508,0.2432,0.5597907812884209
269,1646438400,2622.51,3.057,1.172,0.7296,1.14,0.01375,0.2227,0.5110585937920021
270,1646524800,2666.18,3.043,1.925,0.7494,1.157,0.01418,0.2314,0.5210690779220433
271,1646611200,2552.58,2.905,1.69,0.6888,1.142,0.01354,0.2158,0.4885979446906842
272,1646697600,2496.67,2.852,1.488,0.6523,1.12,0.01423,0.215,0.4625193031580268
273,1646784000,2579.18,2.9,1.514,0.6548,1.109,0.01396,0.2198,0.4651405275633164
274,1646870400,2733.05,3.102,2.119,0.6675,1.15,0.01541,0.2332,0.4735680140982324
275,1646956800,2608.64,3.103,2.033,0.6236,1.137,0.01439,0.2171,0.4448158616200232
276,1647043200,2557.57,3.139,1.895,0.6056,1.128,0.01388,0.2115,0.4347063902786904
277,1647129600,2569.87,3.061,1.846,0.608,1.123,0.01379,0.2137,0.4301880794790304
278,1647216000,2516.83,3.016,1.682,0.5915,1.089,0.01303,0.2168,0.4173360975559028
279,1647302400,2591.45,3.025,1.638,0.6132,1.143,0.01364,0.2197,0.4228899503454025
280,1647388800,2619.61,3.037,1.808,0.5973,0.0,0.01362,0.2147,0.4132841517645321
281,1647475200,2775.15,3.169,1.735,0.608,0.0,0.01407,0.2394,0.4221277189326944
282,1647561600,2814.64,3.273,1.687,0.6158,0.0,0.01384,0.2271,0.4237906049639039
283,1647648000,2941.32,3.363,1.63,0.6303,0.0,0.01449,0.2308,0.4288079929698974
284,1647734400,2952.64,3.301,1.681,0.6363,1.194,0.01506,0.2492,0.4316222490526726
285,1647820800,2861.26,3.25,1.605,0.6313,1.339,0.0147,0.234,0.4238759918187218
286,1647907200,2895.01,3.208,1.604,0.6229,1.121,0.01494,0.2359,0.4261917939092585
287,1647993600,2970.47,3.229,1.621,0.6244,1.552,0.01506,0.2413,0.4289318500901901
288,1648080000,3037.3,3.198,1.684,0.6351,1.847,0.01628,0.2493,0.4368967481675715
289,1648166400,3112.85,3.285,1.671,0.654,2.081,0.01641,0.2531,0.4426944369664392
290,1648252800,3104.04,3.319,1.605,0.6396,1.56,0.01653,0.245,0.4352303822700146
291,1648339200,3146.36,3.289,1.622,0.6299,1.451,0.0183,0.2518,0.43856655861166
292,1648425600,3296.46,3.323,1.673,0.6446,1.38,0.02104,0.2635,0.4529523202995335
293,1648512000,3334.29,3.328,1.652,0.6513,1.304,0.01998,0.2628,0.4571402085537258
294,1648598400,3402.62,3.37,1.845,0.6404,1.286,0.01998,0.2712,0.4559260567655928
295,1648684800,3385.11,3.284,1.787,0.653,1.254,0.02117,0.2723,0.4631843843670387
296,1648771200,3282.78,3.334,1.637,0.6516,1.231,0.02165,0.2544,0.4466675581121092
297,1648857600,3455.72,3.259,1.66,0.6404,1.273,0.02284,0.2618,0.4594795418734228
298,1648944000,3444.68,3.151,1.671,0.6498,1.278,0.0234,0.2546,0.4629030896987482
299,1649030400,3522.49,3.148,1.696,0.6981,1.313,0.02487,0.2664,0.4768623635730432
300,1649116800,3520.15,3.168,1.958,0.6708,1.229,0.02219,0.2567,0.4643458369782748
301,1649203200,3406.48,3.11,1.844,0.6612,1.229,0.02224,0.2483,0.4583378593227436
302,1649289600,3168.91,3.008,1.714,0.6085,1.177,0.01917,0.2201,0.4164069609173836
303,1649376000,3229.28,3.035,1.937,0.6078,1.142,0.02055,0.2279,0.4202470523910926
304,1649462400,3192.92,2.98,1.769,0.5844,1.135,0.01952,0.2139,0.4080675197614845
305,1649548800,3259.62,2.976,1.933,0.5918,1.139,0.0205,0.2259,0.4135748881626084
306,1649635200,3202.89,2.935,1.806,0.5876,1.118,0.01978,0.2151,0.4058223132449777
307,1649721600,2979.52,2.614,1.557,0.531,0.978,0.01728,0.1928,0.3746088443938904
308,1649808000,3028.77,2.44,1.655,0.5398,1.017,0.01838,0.2015,0.3791408917124879
309,1649894400,3118.5,2.202,1.639,0.5559,1.089,0.0191,0.2071,0.3941570656313014
310,1649980800,3021.76,2.159,1.61,0.5462,1.06,0.01842,0.1978,0.3788915583090864
311,1650067200,3041.21,2.284,1.589,0.5409,1.101,0.01894,0.2016,0.379571565334611
312,1650153600,3060.28,2.137,1.567,0.5385,1.086,0.01883,0.2027,0.3818787686112112
313,1650240000,2988.4,2.16,1.511,0.5355,1.062,0.01796,0.1922,0.3770287724901534
314,1650326400,3056.2,2.119,1.457,0.5287,1.057,0.01868,0.1948,0.376241613010804
315,1650412800,3102.52,2.233,1.469,0.5392,1.043,0.01934,0.1998,0.3798246469570653
316,1650499200,3077.74,2.217,1.44,0.5303,1.033,0.0201,0.1959,0.3769209408985955
317,1650585600,2984.24,2.105,1.359,0.5202,0.996,0.01943,0.1893,0.363942878446809
318,1650672000,2963.17,2.115,1.362,0.5178,0.98,0.01913,0.1922,0.3643539049576949
319,1650758400,2933.65,2.13,1.349,0.5153,0.961,0.01871,0.1877,0.3785901992280551
320,1650844800,2922.37,2.12,1.288,0.5173,1.008,0.01836,0.1868,0.3658210629943905
321,1650931200,3006.45,2.154,1.28,0.4991,0.979,0.01848,0.1822,0.3561961433976199
322,1651017600,2809.6,2.061,1.167,0.4589,0.906,0.0166,0.1643,0.3322081980727042
323,1651104000,2889.72,2.114,1.213,0.4627,0.934,0.01725,0.1727,0.3348042623790486
324,1651190400,2936.49,2.111,1.174,0.4849,0.933,0.01699,0.1691,0.3717114196105688
325,1651276800,2817.23,2.065,1.124,0.4535,0.854,0.01565,0.1553,0.3478104927853166
326,1651363200,2726.98,2.014,1.007,0.4169,0.773,0.01381,0.1315,0.3283080728612442
327,1651449600,2826.04,2.091,1.054,0.4165,0.784,0.01426,0.1427,0.3260775191522702
328,1651536000,2856.12,2.079,1.047,0.4071,0.777,0.01397,0.1356,0.3252379881958736
329,1651622400,2780.63,2.093,1.136,0.4019,0.7629,0.01354,0.1366,0.3095887042401912
330,1651708800,2940.31,2.174,1.178,0.4316,0.7958,0.01507,0.1618,0.3247362848180558
331,1651795200,2747.28,2.032,1.059,0.3933,0.6959,0.01401,0.1389,0.2903027460203004
332,1651881600,2692.08,2.003,1.041,0.3823,0.6469,0.01432,0.1437,0.2958255800551144
333,1651968000,2635.19,1.966,1.015,0.374,0.6179,0.01351,0.1356,0.2842785399567769
334,1652054400,2519.08,1.937,0.9561,0.3554,0.5759,0.01323,0.1306,0.2695433774228915
335,1652140800,2230.95,1.606,0.709,0.293,0.492,0.01034,0.103,0.2283534454264524
336,1652227200,2341.58,1.559,0.6578,0.2977,0.5319,0.01087,0.1087,0.2265092914713739
337,1652313600,2077.83,1.031,0.3892,0.2268,0.3994,0.008495,0.06565,0.1609257264578651
338,1652400000,1952.81,0.9675,0.2717,0.1952,0.3859,0.007745,0.06819,0.1442325587412959
339,1652486400,2006.51,0.79,0.2378,0.2185,0.4613,0.009005,0.09201,0.155912979962655
340,1652572800,2054.03,0.7467,0.3472,0.2221,0.4535,0.01005,0.09953,0.1664001834677599
341,1652659200,2143.12,0.9375,0.3121,0.2354,0.4895,0.01039,0.1004,0.1751716815929897
342,1652745600,2020.12,0.846,0.2833,0.2344,0.4575,0.009585,0.0859,0.1884843102693052
343,1652832000,2089.29,0.8469,0.2811,0.2412,0.4985,0.01026,0.08944,0.1792784552479591
344,1652918400,1911.68,0.7565,0.2257,0.2287,0.4474,0.00877,0.07782,0.1622680911017676
345,1653004800,2017.78,0.8286,0.239,0.2444,0.4995,0.00938,0.08554,0.1819146915871938
346,1653091200,1956.88,0.7786,0.2124,0.2369,0.6323,0.0092,0.08192,0.1722452842822732
347,1653177600,1972.87,0.7185,0.213,0.2323,0.5854,0.009325,0.08558,0.174953742236639
348,1653264000,2041.08,0.754,0.253,0.2397,0.5645,0.0102,0.08477,0.1781118781533344
349,1653350400,1970.7,0.737,0.521,0.2246,0.5674,0.00952,0.0801,0.1731322271657087
350,1653436800,1977.85,0.7706,0.4031,0.2231,0.5694,0.009985,0.08333,0.1699813869507255
351,1653523200,1941.04,0.75,0.3598,0.2304,0.5754,0.01008,0.08019,0.1687148037162047
352,1653609600,1791.0,0.659,0.2883,0.2073,0.5075,0.009545,0.07301,0.1582899704375366
353,1653696000,1724.73,0.5448,0.277,0.1959,0.4745,0.00889,0.07012,0.155214884224208
354,1653782400,1790.79,0.531,0.3172,0.2041,0.4857,0.00919,0.07242,0.1583572472510982
355,1653868800,1811.69,0.5515,0.3183,0.2062,0.5016,0.00929,0.0783,0.162223997820452
356,1653955200,1997.64,0.7885,0.3171,0.2245,0.5346,0.01002,0.08408,0.1697122916917292
357,1654041600,1940.59,0.8304,0.2914,0.2209,0.5366,0.00971,0.08292,0.1675300616172467
358,1654128000,1817.42,0.7156,0.2711,0.2527,0.4758,0.009275,0.07357,0.3189498189487978
359,1654214400,1833.26,0.8175,0.2899,0.2341,0.4808,0.01007,0.07615,0.2721931102973088
360,1654300800,1773.59,0.8105,0.2781,0.2502,0.4666,0.00962,0.07353,0.2838628879474849
361,1654387200,1803.65,0.8024,0.2716,0.2374,0.4687,0.00985,0.07451,0.2750670965349215
362,1654473600,1804.7,0.7483,0.264,0.2505,0.4687,0.01023,0.07455,0.254850905888563
363,1654560000,1858.56,0.6855,0.2625,0.2556,0.4847,0.01059,0.08791,0.2449999067334691
364,1654646400,1812.7,0.6754,0.2496,0.2423,0.4777,0.01003,0.07858,0.2256012164350936
365,1654732800,1791.03,0.6667,0.2356,0.2485,0.4697,0.00972,0.07502,0.2213511859001433
366,1654819200,1787.71,0.6227,0.2468,0.2456,0.4637,0.009465,0.07603,0.2126713260629387
367,1654905600,1661.1,0.3891,0.221,0.2274,0.4506,0.00878,0.0691,0.2167689885961184
368,1654992000,1530.28,0.4034,0.2133,0.2106,0.4447,0.008105,0.06268,0.1970757470478555
369,1655078400,1434.02,0.3507,0.2072,0.2028,0.3968,0.0072,0.05729,0.1721060563170547
370,1655164800,1209.12,0.2823,0.186,0.1693,0.3077,0.00616,0.05993,0.1516238003711346
371,1655251200,1206.94,0.6959,0.1833,0.1683,0.3387,0.00623,0.0608,0.1587888849882927
372,1655337600,1236.89,0.6139,0.1855,0.1763,0.3387,0.00668,0.06526,0.1709017883368519
373,1655424000,1067.1,0.574,0.1695,0.1609,0.2747,0.00618,0.05529,0.1632211922994703
374,1655510400,1085.21,0.6015,0.1717,0.1701,0.3066,0.00666,0.05674,0.1701988315165103
375,1655596800,994.41,0.5693,0.1616,0.1585,0.2807,0.006085,0.05335,0.1604281037126316
376,1655683200,1127.03,0.6795,0.1835,0.1677,0.2887,0.006435,0.05622,0.1649913332591573
377,1655769600,1126.99,1.196,0.1777,0.1688,0.2887,0.006885,0.05637,0.1669632869469559
378,1655856000,1124.71,1.085,0.1813,0.1734,0.2862,0.007,0.05623,0.1751239362990356
379,1655942400,1048.3,0.9455,0.1725,0.1669,0.2872,0.00664,0.05412,0.1720213198174503
380,1656028800,1143.46,1.053,0.18,0.1675,0.3463,0.006945,0.05768,0.17743184745269
381,1656115200,1224.12,1.052,0.1884,0.1767,0.359,0.00715,0.06204,0.1827141704915704
382,1656201600,1241.0,1.001,0.1937,0.1982,0.3573,0.007085,0.06878,0.1819868704104135
383,1656288000,1198.25,0.7995,0.2043,0.2088,0.3694,0.006735,0.06069,0.1887461050046188
384,1656374400,1190.73,0.7604,0.2017,0.2138,0.3736,0.00693,0.05989,0.1902730719177673
385,1656460800,1142.41,0.7014,0.1982,0.2005,0.3628,0.00683,0.05661,0.1808626160570872
386,1656547200,1098.71,0.7764,0.2292,0.1924,0.3901,0.00757,0.05636,0.171940920011546
387,1656633600,1069.53,0.6299,0.1944,0.1812,0.383,0.007155,0.05437,0.1673190647813913
388,1656720000,1058.01,0.6249,0.1907,0.1819,0.3795,0.00731,0.05184,0.1708695182833728
389,1656806400,1065.69,0.7215,0.1878,0.1798,0.3668,0.00732,0.05315,0.1725488790482916
390,1656892800,1072.95,0.902,0.1866,0.1849,0.3666,0.0071,0.05301,0.1708941273778491
391,1656979200,1149.81,1.053,0.1857,0.1907,0.3611,0.00725,0.05519,0.1736629065730062
392,1657065600,1131.96,0.9035,0.1852,0.1857,0.3681,0.006975,0.05328,0.1706005861986251
393,1657152000,1185.41,0.8285,0.184,0.18,0.3712,0.00722,0.05415,0.1707737335651937
394,1657238400,1236.64,0.7221,0.1888,0.192,0.4028,0.007495,0.05702,0.1746674982811234
395,1657324800,1214.0,0.7925,0.1839,0.1859,0.3899,0.00762,0.05409,0.1838636998015285
396,1657411200,1216.53,0.974,0.1883,0.189,0.3779,0.007765,0.05541,0.1843123228396565
397,1657497600,1167.31,0.8085,0.1843,0.184,0.3698,0.00772,0.05306,0.1759785332341217
398,1657584000,1095.67,0.7154,0.1706,0.1813,0.3437,0.00702,0.0481,0.1751700072578085
399,1657670400,1037.37,0.7095,0.1668,0.1676,0.3197,0.006575,0.04721,0.1667056157497043
400,1657756800,1114.57,0.773,0.1758,0.1693,0.3428,0.007125,0.04885,0.1691306396748071
401,1657843200,1192.56,0.7582,0.1776,0.1739,0.346,0.007615,0.04959,0.1697293129098463
402,1657929600,1231.23,0.777,0.1792,0.1822,0.3699,0.007475,0.04956,0.1713528064230131
403,1658016000,1356.31,0.813,0.1811,0.179,0.3705,0.00775,0.05086,0.1721096366863401
404,1658102400,1337.97,0.7984,0.1754,0.179,0.3704,0.007595,0.05062,0.1735590946235387
405,1658188800,1583.55,0.824,0.1859,0.1841,0.3817,0.008125,0.05571,0.1794899351168621
406,1658275200,1543.12,0.7765,0.1898,0.1949,0.3844,0.00859,0.05832,0.1904900020690776
407,1658361600,1521.72,0.802,0.2698,0.1819,0.375,0.007995,0.05367,0.1955621923753778
408,1658448000,1575.68,0.8939,0.2316,0.183,0.381,0.007905,0.05415,0.1919053842997784
409,1658534400,1535.71,0.886,0.2146,0.1766,0.3651,0.00757,0.05222,0.1876160110531777
410,1658620800,1549.19,0.9065,0.2087,0.1808,0.3672,0.007735,0.05377,0.1892816993830169
411,1658707200,1597.72,0.903,0.2073,0.1802,0.3718,0.00785,0.05293,0.1898600976825815
412,1658793600,1438.01,0.9025,0.1903,0.1715,0.3711,0.007385,0.04738,0.1779107935667904
413,1658880000,1449.61,0.9226,0.1918,0.1679,0.3867,0.007235,0.04774,0.1758154706359381
414,1658966400,1636.88,1.131,0.2112,0.1767,0.4078,0.007735,0.05144,0.1852047616277116
415,1659052800,1725.82,1.148,0.2158,0.183,0.4254,0.008185,0.05313,0.1900927955846916
416,1659139200,1722.28,1.166,0.2166,0.1819,0.4168,0.00815,0.05496,0.190012602161273
417,1659225600,1697.52,1.075,0.2115,0.1845,0.4111,0.00805,0.05579,0.1944805522874687
418,1659312000,1679.55,1.098,0.2298,0.1842,0.4533,0.009685,0.0571,0.1966354646295763
419,1659398400,1630.62,1.311,0.2356,0.1909,0.4121,0.00887,0.06464,0.2062702917906814
420,1659484800,1631.11,1.193,0.2236,0.1801,0.3987,0.008595,0.05952,0.1939434593004004
421,1659571200,1618.68,1.172,0.2275,0.1807,0.3995,0.0088,0.05819,0.1965179835250148
422,1659657600,1607.96,1.179,0.2272,0.1886,0.3888,0.00866,0.05905,0.1984941032427846
423,1659744000,1736.78,1.293,0.2326,0.1903,0.4119,0.008865,0.0612,0.2019726511637889
424,1659830400,1690.67,1.36,0.2354,0.1919,0.4052,0.00907,0.06011,0.2028874691813623
425,1659916800,1700.54,1.454,0.2353,0.1929,0.4155,0.00897,0.06071,0.2027276437076317
426,1660003200,1777.99,1.819,0.237,0.1936,0.4183,0.009085,0.06226,0.2037661350062423
427,1660089600,1703.41,1.857,0.2268,0.1844,0.3992,0.008555,0.05983,0.1959891678457142
428,1660176000,1854.05,2.38,0.2335,0.1931,0.4216,0.00931,0.06341,0.2028918770505087
429,1660262400,1881.06,2.503,0.2285,0.1957,0.4323,0.01004,0.06212,0.2063600470274988
430,1660348800,1959.26,3.002,0.2309,0.2041,0.4596,0.01005,0.06603,0.2121423494076798
431,1660435200,1984.29,3.896,0.2306,0.2043,0.4478,0.00986,0.06723,0.2152233741323362
432,1660521600,1936.02,3.831,0.2251,0.202,0.4422,0.009685,0.07045,0.209582221490875
433,1660608000,1899.64,2.793,0.2142,0.1996,0.4202,0.009825,0.06702,0.2062162459126879
434,1660694400,1877.16,2.362,0.2122,0.1942,0.4266,0.00996,0.0695,0.2040630404711235
435,1660780800,1834.04,2.825,0.1948,0.187,0.408,0.009435,0.06318,0.1972012183821527
436,1660867200,1846.36,2.878,0.1937,0.1864,0.4125,0.008875,0.05805,0.1943196856643434
437,1660953600,1609.05,2.977,0.172,0.1658,0.3668,0.007765,0.05286,0.1734150978880136
438,1661040000,1575.73,2.575,0.1751,0.1648,0.3756,0.008,0.05215,0.1746796360682591
439,1661126400,1617.86,2.259,0.1791,0.1719,0.3842,0.008285,0.05397,0.1773243659786411
440,1661212800,1624.65,1.706,0.1734,0.1674,0.3686,0.00813,0.05335,0.1713628231333356
441,1661299200,1664.76,1.708,0.1796,0.1669,0.3876,0.008245,0.05426,0.1746143884119508
442,1661385600,1656.52,1.352,0.1758,0.1674,0.3754,0.00832,0.05485,0.1719601576291236
443,1661472000,1695.85,1.207,0.1808,0.1692,0.3734,0.00868,0.05466,0.1758483760826729
444,1661558400,1508.09,0.9416,0.1602,0.1589,0.3455,0.007775,0.04984,0.1660318074503614
445,1661644800,1491.26,0.886,0.1625,0.1575,0.3413,0.00757,0.0508,0.1647229299696045
446,1661731200,1426.4,1.129,0.1571,0.1541,0.3257,0.007265,0.04953,0.1626050609742709
447,1661817600,1552.4,1.317,0.1791,0.1578,0.3376,0.00763,0.05225,0.1669586628161025
448,1661904000,1524.62,1.119,0.1657,0.1539,0.3356,0.008225,0.05078,0.1653406812843681
449,1661990400,1554.16,1.139,0.1756,0.1564,0.3409,0.00797,0.05042,0.1660932680846135
450,1662076800,1585.98,1.397,0.1786,0.154,0.3354,0.007705,0.05057,0.1624444127798244
451,1662163200,1575.91,1.398,0.1817,0.1541,0.3357,0.007655,0.04981,0.1629994407614652
452,1662249600,1557.54,1.515,0.1786,0.1543,0.3409,0.007665,0.05023,0.16428747216471
453,1662336000,1579.06,1.443,0.1762,0.1557,0.3361,0.008005,0.05165,0.1636907993913987
454,1662422400,1617.5,1.5,0.1851,0.1549,0.3333,0.00791,0.05097,0.1614878109694076
455,1662508800,1558.9,1.365,0.17,0.1493,0.3155,0.00724,0.04728,0.154181448306642
456,1662595200,1630.0,1.357,0.1724,0.1532,0.339,0.00756,0.04866,0.1581170535158995
457,1662681600,1635.6,1.276,0.1775,0.1558,0.3346,0.00797,0.04911,0.1637214076858588
458,1662768000,1719.35,1.344,0.2369,0.1628,0.3614,0.00813,0.05199,0.1677232382735057
459,1662854400,1774.69,1.394,0.3112,0.1675,0.3493,0.008085,0.05212,0.1735311082008774
460,1662940800,1767.02,1.613,0.283,0.1724,0.3595,0.008205,0.05207,0.1749204563748019
461,1663027200,1716.53,1.438,0.2338,0.1654,0.3453,0.007905,0.05126,0.1785930437136741
462,1663113600,1574.56,1.467,0.2828,0.1531,0.3215,0.00731,0.04793,0.1652545226428029
463,1663200000,1639.6,1.88,0.2451,0.1544,0.3326,0.00722,0.04869,0.1655691579024484
464,1663286400,1472.51,1.813,0.2245,0.1492,0.3164,0.00704,0.04716,0.1606876457087348
465,1663372800,1433.97,1.627,0.2444,0.1517,0.3157,0.007405,0.04767,0.1627236532885169
466,1663459200,1469.05,1.583,0.2432,0.1542,0.3226,0.00757,0.04908,0.164597179072105
467,1663545600,1334.3,1.378,0.2186,0.1452,0.299,0.00713,0.04198,0.1538782383960825
468,1663632000,1376.21,1.55,0.2221,0.146,0.3094,0.007145,0.04334,0.1544638173588577
469,1663718400,1323.07,1.442,0.2024,0.144,0.3012,0.007085,0.04147,0.1512848237411145
470,1663804800,1246.29,1.528,0.1997,0.1427,0.2912,0.006925,0.04033,0.1563332291674871
471,1663891200,1326.15,1.584,0.2065,0.1469,0.3082,0.007245,0.04248,0.1591902886092913
472,1663977600,1326.95,1.553,0.2067,0.1466,0.3045,0.00729,0.04213,0.1577091718330464
473,1664064000,1317.11,1.558,0.2048,0.1451,0.3012,0.00727,0.04134,0.1565313972537575
474,1664150400,1294.72,1.441,0.1949,0.1435,0.2983,0.007065,0.04055,0.1528302986890893
475,1664236800,1336.65,1.47,0.2185,0.1438,0.3079,0.007135,0.04086,0.1532727763246598
476,1664323200,1328.11,1.461,0.2064,0.1438,0.3034,0.007145,0.04025,0.1541858784657665
477,1664409600,1337.15,1.463,0.2042,0.1423,0.3087,0.00719,0.04017,0.1530857465828908
478,1664496000,1335.9,1.469,0.2047,0.143,0.3045,0.007235,0.04086,0.1517425154274165
479,1664582400,1328.7,1.406,0.2088,0.1453,0.2992,0.00722,0.04055,0.1509015716955269
480,1664668800,1311.8,1.374,0.2068,0.142,0.292,0.007165,0.04027,0.1521533621497177
481,1664755200,1276.69,1.32,0.2037,0.1412,0.2859,0.00698,0.03943,0.1524869766131195
482,1664841600,1323.32,1.34,0.2063,0.1427,0.2875,0.007186,0.04048,0.15342027519376
483,1664928000,1361.9,1.377,0.2078,0.1453,0.3017,0.007335,0.0414,0.1550386782945793
484,1665014400,1352.44,1.357,0.2089,0.1421,0.2984,0.007245,0.04122,0.1535894881142457
485,1665100800,1352.4,1.112,0.2048,0.1419,0.2895,0.007175,0.04086,0.1532178539404904
486,1665187200,1331.14,1.17,0.2013,0.1413,0.285,0.00717,0.04053,0.1537571806564446
487,1665273600,1315.47,1.089,0.2003,0.1417,0.2855,0.007305,0.04067,0.1556359716894559
488,1665360000,1323.41,1.09,0.2028,0.142,0.2888,0.00751,0.04225,0.1545112851633989
489,1665446400,1290.04,0.997,0.2103,0.1399,0.4256,0.00707,0.03984,0.1505106821805463
490,1665532800,1279.79,0.903,0.2319,0.1361,0.4193,0.006835,0.03951,0.1474532613683679
491,1665619200,1294.29,1.009,0.2135,0.1362,0.3495,0.006875,0.03919,0.1492841192373626
492,1665705600,1287.51,1.033,0.2022,0.1321,0.3487,0.006595,0.03782,0.1452457736740273
493,1665792000,1296.63,0.9606,0.2033,0.132,0.3749,0.006445,0.03672,0.1447275986374915
494,1665878400,1274.91,0.9795,0.2053,0.1355,0.3613,0.00656,0.03661,0.1469217975652462
495,1665964800,1305.87,1.016,0.204,0.135,0.3613,0.006655,0.03713,0.145809628867399
496,1666051200,1331.52,0.969,0.2069,0.135,0.3821,0.00677,0.03692,0.1491351023356642
497,1666137600,1310.78,0.952,0.2019,0.1326,0.3967,0.00668,0.03561,0.1466009015523594
498,1666224000,1284.85,0.9695,0.2014,0.1271,0.3829,0.00638,0.03294,0.1469590012830983
499,1666310400,1282.68,0.9595,0.1946,0.1231,0.3838,0.006425,0.03286,0.1445420796445979
500,1666396800,1299.88,0.951,0.1937,0.1222,0.3768,0.006471,0.03326,0.1440152019623308
501,1666483200,1313.91,0.936,0.1903,0.1235,0.3588,0.00649,0.0334,0.1447195736654789
502,1666569600,1364.2,0.953,0.19,0.1243,0.3645,0.006609,0.03405,0.1455202326948048
503,1666656000,1343.83,0.9069,0.1885,0.1203,0.3901,0.00657,0.03304,0.1444871570401651
504,1666742400,1460.37,0.9235,0.1905,0.1231,0.4018,0.00677,0.03401,0.1477313298253237
505,1666828800,1566.85,0.9336,0.1909,0.1261,0.4009,0.00692,0.03503,0.1491999589626115
506,1666915200,1514.35,0.8995,0.1915,0.1251,0.3932,0.006747,0.03445,0.1448735124289966
507,1667001600,1555.12,0.901,0.1907,0.1262,0.4372,0.00685,0.0352,0.1462639010562238
508,1667088000,1620.42,0.9785,0.1958,0.1271,0.4691,0.006984,0.03663,0.1463079951619494
509,1667174400,1590.93,0.947,0.1913,0.127,0.5318,0.006815,0.04389,0.1473015999098099
510,1667260800,1572.88,0.9785,0.1912,0.1262,0.5333,0.006795,0.04198,0.1486803012392087
511,1667347200,1578.51,0.972,0.1851,0.1253,0.5672,0.00717,0.03992,0.1467388272410827
512,1667433600,1518.33,0.9235,0.1794,0.1228,0.5618,0.006745,0.03831,0.1431912522119034
513,1667520000,1530.87,0.959,0.1824,0.1267,0.5297,0.006825,0.03342,0.143673795795608
514,1667606400,1645.06,1.031,0.1959,0.132,0.5479,0.00725,0.03863,0.1500045721916079
515,1667692800,1627.42,1.14,0.1943,0.1333,0.5713,0.007315,0.03864,0.1504887794493746
516,1667779200,1568.75,1.007,0.1835,0.131,0.5353,0.006965,0.03594,0.1476839078099871
517,1667865600,1568.45,0.9729,0.1828,0.1286,0.5363,0.007165,0.03613,0.1485560232797186
518,1667952000,1334.22,0.8505,0.1565,0.1064,0.4382,0.00568,0.0328,0.1323853814756407
519,1668038400,1104.17,0.5806,0.1156,0.07958,0.3741,0.00347,0.02547,0.0906393544866309
520,1668124800,1296.01,0.6379,0.1402,0.0935,0.4156,0.005093,0.03161,0.1107335616488444
521,1668211200,1285.23,0.6096,0.1295,0.08631,0.4048,0.005179,0.032,0.1067296084561816
522,1668297600,1254.95,0.6255,0.1298,0.08464,0.3922,0.004869,0.02944,0.1130766423038365
523,1668384000,1219.85,0.4805,0.1224,0.07894,0.3671,0.004648,0.02941,0.0988602158624682
524,1668470400,1241.39,0.4749,0.1215,0.07879,0.3704,0.004655,0.02959,0.1002913103732841
525,1668556800,1252.0,0.4874,0.1242,0.081,0.3802,0.004945,0.02927,0.1045744004331673
526,1668643200,1215.24,0.5034,0.1211,0.08081,0.3737,0.004922,0.02814,0.1057105757051248
527,1668729600,1199.45,0.4122,0.1209,0.08014,0.3812,0.005038,0.02733,0.1004241369316715
528,1668816000,1210.98,0.4327,0.1479,0.0798,0.3753,0.005086,0.02748,0.1039220417898279
529,1668902400,1216.52,0.4423,0.1332,0.09364,0.38,0.005304,0.02757,0.1072008720301598
530,1668988800,1140.47,0.5708,0.1267,0.07921,0.3585,0.004938,0.02571,0.1058473633674883
531,1669075200,1105.99,0.4216,0.1207,0.07681,0.3424,0.004778,0.02466,0.1033660408966204
532,1669161600,1137.75,0.4113,0.1287,0.08029,0.3515,0.005143,0.02543,0.1053244148735778
533,1669248000,1183.69,0.4829,0.1344,0.0833,0.3496,0.005267,0.02597,0.1075928447452743
534,1669334400,1202.96,0.3988,0.1318,0.0836,0.3457,0.005293,0.02531,0.1031638680525186
535,1669420800,1198.4,0.4877,0.1319,0.08421,0.3627,0.005189,0.02502,0.1025220390795447
536,1669507200,1204.94,0.5073,0.136,0.0853,0.3487,0.005241,0.02509,0.1033461579993988
537,1669593600,1193.2,0.4916,0.1309,0.08682,0.3408,0.005131,0.02529,0.1046781998801134
538,1669680000,1167.3,0.4903,0.127,0.085,0.3254,0.004996,0.02479,0.1017351885233929
539,1669766400,1215.7,0.5057,0.1297,0.0855,0.3344,0.005179,0.02525,0.1037074254980329
540,1669852800,1294.92,0.5244,0.1324,0.0882,0.3309,0.005348,0.02593,0.1066060856418675
541,1669939200,1276.36,0.5348,0.1319,0.08773,0.341,0.00558,0.02527,0.1049345035501239
542,1670025600,1295.61,0.5351,0.1361,0.08764,0.3461,0.005312,0.02556,0.1089991101238116
543,1670112000,1241.13,0.5113,0.1317,0.0887,0.3584,0.0053,0.02491,0.1083401184194478
544,1670198400,1279.89,0.5075,0.1344,0.08801,0.3723,0.005286,0.02516,0.1077148032792907
545,1670284800,1259.37,0.7503,0.1331,0.08766,0.3624,0.005201,0.02586,0.1060766976436509
546,1670371200,1271.38,0.7056,0.1317,0.0874,0.3747,0.005149,0.02707,0.105800467752161
547,1670457600,1231.35,0.7585,0.1291,0.0843,0.3951,0.004999,0.0256,0.1018699284698427
548,1670544000,1280.28,0.6657,0.1319,0.08862,0.423,0.005044,0.02643,0.1062204365986282
549,1670630400,1262.95,0.6315,0.1307,0.0943,0.4029,0.00514,0.02577,0.10791659848929
550,1670716800,1266.34,0.6256,0.1295,0.08827,0.4196,0.005205,0.02555,0.1069043674669276
551,1670803200,1263.27,0.6101,0.1285,0.0859,0.4605,0.005053,0.0252,0.1071265415133232
552,1670889600,1275.37,0.6045,0.1297,0.08822,0.4559,0.00555,0.02517,0.1052761265570748
553,1670976000,1320.43,0.5959,0.1285,0.08847,0.4999,0.00511,0.0252,0.1059546538800865
554,1671062400,1307.5,0.59,0.1257,0.08635,0.5055,0.005047,0.0244,0.1040740872052031
555,1671148800,1266.59,0.5852,0.1219,0.08609,0.4876,0.004788,0.02403,0.1018615857036577
556,1671235200,1167.85,0.4671,0.1064,0.078,0.4212,0.004251,0.02025,0.09242950011519
557,1671321600,1187.11,0.4832,0.1117,0.07733,0.45,0.00419,0.02071,0.0942553481559053
558,1671408000,1183.19,0.5064,0.1095,0.07537,0.4403,0.00456,0.02028,0.0932634585207131
559,1671494400,1167.68,0.4928,0.1037,0.07208,0.5097,0.0039,0.01848,0.087697464908625
560,1671580800,1216.96,0.6305,0.1101,0.076,0.531,0.004174,0.01943,0.0929874704608822
561,1671667200,1213.84,0.5399,0.0994,0.0756,0.5756,0.004127,0.019,0.0923802321515549
562,1671753600,1217.51,0.5178,0.0945,0.0767,0.6932,0.004103,0.01897,0.0912871106583423
563,1671840000,1219.97,0.5333,0.0921,0.0776,0.6023,0.004184,0.01893,0.092166213283193
564,1671926400,1220.49,0.5116,0.0914,0.0776,0.5298,0.00404,0.01872,0.0928640759993301
565,1672012800,1218.3,0.5114,0.1918,0.0767,0.522,0.00583,0.0184,0.0917110261841683
566,1672099200,1227.3,0.4971,0.1487,0.0768,0.468,0.004111,0.01831,0.0906159008893781
567,1672185600,1211.07,0.5094,0.1425,0.0752,0.4509,0.003912,0.0178,0.0881388355854723
568,1672272000,1189.27,0.4639,0.1289,0.0723,0.4219,0.00422,0.01687,0.0844764993553803
569,1672358400,1200.06,0.4599,0.1502,0.0725,0.4388,0.003552,0.01618,0.0841421369473401
570,1672444800,1199.12,0.4723,0.1362,0.07077,0.4599,0.003441,0.01651,0.0828909448921783
571,1672531200,1195.0,0.4656,0.1366,0.07865,0.4566,0.003501,0.01664,0.0838629169405082
572,1672617600,1200.1,0.4751,0.1332,0.0748,0.4474,0.003564,0.01687,0.0850425832815674
573,1672704000,1213.98,0.4974,0.1331,0.07561,0.5794,0.00388,0.01771,0.0849726599501892
574,1672790400,1214.11,0.475,0.1333,0.07619,0.5332,0.003715,0.01758,0.0850258865813755
575,1672876800,1256.42,0.519,0.1377,0.07691,0.5421,0.003807,0.0179,0.0864778420368289
576,1672963200,1250.73,0.5064,0.1343,0.0772,0.4974,0.003752,0.01805,0.0856931085703893
577,1673049600,1268.71,0.5168,0.1318,0.07788,0.4836,0.003832,0.02347,0.087548956267473
578,1673136000,1263.86,0.495,0.1303,0.0779,0.5004,0.003741,0.02333,0.0877385415950536
579,1673222400,1288.62,0.5161,0.1279,0.07861,0.4953,0.003982,0.03443,0.0890699138498415
580,1673308800,1320.11,0.5419,0.1301,0.0802,0.5025,0.004158,0.04049,0.0916126741305147
581,1673395200,1335.42,0.5349,0.1314,0.08701,0.5228,0.00301,0.04162,0.0935639751745151
582,1673481600,1388.95,0.5768,0.1297,0.08477,0.5417,0.00303,0.03828,0.0941063123322423
583,1673568000,1416.05,0.5706,0.1306,0.0875,0.5516,0.00404,0.0404,0.0974887876609395
584,1673654400,1451.18,0.5875,0.1313,0.09148,0.569,0.004571,0.05065,0.0992457695751776
585,1673740800,1550.07,0.6319,0.1505,0.0973,0.5766,0.004728,0.04972,0.1034887095132961
586,1673827200,1552.71,0.6181,0.1755,0.1049,0.5717,0.005372,0.04892,0.1658182217007709
587,1673913600,1577.02,0.6337,0.1618,0.1043,0.5637,0.005173,0.04671,0.153310606009665
588,1674000000,1565.15,0.637,0.1593,0.1083,0.5708,0.005275,0.04958,0.1421190102478901
589,1674086400,1512.28,0.5523,0.146,0.09819,0.5294,0.00455,0.04461,0.133058085866313
590,1674172800,1551.2,0.573,0.162,0.1023,0.5287,0.004964,0.0456,0.1367922269250032
591,1674259200,1659.02,0.6137,0.1647,0.108,0.5566,0.00505,0.04905,0.1395163384978194
592,1674345600,1626.68,0.6261,0.1586,0.1142,0.5575,0.005319,0.04688,0.138625047205742
593,1674432000,1627.79,0.5716,0.1578,0.1116,0.552,0.00602,0.04877,0.1400376500239121
594,1674518400,1626.47,0.6591,0.1646,0.1961,0.5611,0.005481,0.05295,0.1551425399824498
595,1674604800,1556.12,0.5883,0.1561,0.24,0.5535,0.0054,0.0477,0.1791347139938445
596,1674691200,1610.94,0.6038,0.1588,0.2399,0.5456,0.0053,0.04952,0.1782944574891688
597,1674777600,1601.35,0.6066,0.1615,0.2574,0.5859,0.005525,0.04875,0.1851379764239056
598,1674864000,1597.86,0.6218,0.1592,0.2351,0.5658,0.0058,0.05304,0.179617504154744
599,1674950400,1572.46,0.6614,0.1643,0.2198,0.5825,0.005629,0.05706,0.1805566733142961
600,1675036800,1645.46,0.6603,0.166,0.2226,0.6025,0.006121,0.05915,0.1807879585838429
601,1675123200,1566.49,0.6227,0.1562,0.2003,0.5837,0.00553,0.05381,0.1646434323749576
602,1675209600,1585.47,0.5818,0.1625,0.2332,0.6147,0.00552,0.05417,0.1702876071603624
603,1675296000,1641.61,0.5904,0.1632,0.2394,0.6547,0.005778,0.05678,0.17504755471067
604,1675382400,1642.74,0.5998,0.1625,0.2291,0.6267,0.00614,0.05411,0.1788948511142926
605,1675468800,1663.97,0.6246,0.1908,0.2313,0.6373,0.00644,0.05607,0.173718725176116
606,1675555200,1666.89,0.6144,0.1801,0.2284,0.637,0.006401,0.05568,0.1773984602860306
607,1675641600,1629.8,0.6049,0.1705,0.2151,0.6022,0.00647,0.05408,0.1687144659947111
608,1675728000,1614.31,0.6216,0.1709,0.2126,0.5898,0.006264,0.05185,0.1613011438705016
609,1675814400,1671.61,0.6161,0.175,0.2169,0.6908,0.006469,0.05557,0.1694425736319504
610,1675900800,1650.95,0.6094,0.1708,0.2066,0.6451,0.006917,0.05209,0.1680447724746866
611,1675987200,1545.78,0.5321,0.1519,0.1867,0.5912,0.00635,0.04449,0.1520632897806899
612,1676073600,1513.79,0.5406,0.1581,0.1802,0.5844,0.005919,0.04435,0.1526562167325864
613,1676160000,1538.79,0.5556,0.16,0.1938,0.575,0.00301,0.04549,0.1479085816216498
614,1676246400,1515.42,0.5333,0.1611,0.1891,0.566,0.006107,0.04364,0.1455485907851764
615,1676332800,1506.37,0.5235,0.1607,0.1774,0.5621,0.00583,0.04216,0.1455696997536592
616,1676419200,1556.14,0.5309,0.1657,0.1869,0.5582,0.006007,0.04418,0.1485853693474033
617,1676505600,1675.34,0.5337,0.1683,0.1988,0.5756,0.00401,0.04944,0.1552805366407085
618,1676592000,1638.41,0.504,0.1653,0.188,0.5552,0.00672,0.04585,0.1485270191303449
619,1676678400,1694.3,0.5174,0.1708,0.1955,0.5576,0.007285,0.04794,0.1545453058431567
620,1676764800,1691.98,0.5231,0.1713,0.2009,0.5581,0.00637,0.04766,0.1544009849749571
621,1676851200,1681.25,0.5193,0.1677,0.2179,0.5621,0.00637,0.04723,0.1609772758322334
622,1676937600,1703.53,0.5299,0.1558,0.2101,0.5705,0.00713,0.04822,0.163603176504376
623,1677024000,1659.64,0.5236,0.1505,0.1932,0.5517,0.007219,0.04614,0.1545659579509431
624,1677110400,1643.28,0.4764,0.1472,0.193,0.5422,0.007132,0.04523,0.1534638777809245
625,1677196800,1650.59,0.51,0.1472,0.2014,0.5263,0.00738,0.04414,0.157029369166871
626,1677283200,1608.09,0.5171,0.1413,0.1887,0.5114,0.006979,0.04126,0.1520347914889425
627,1677369600,1594.89,0.5098,0.1364,0.1857,0.5085,0.006794,0.04039,0.1506181595235904
628,1677456000,1641.93,0.5032,0.133,0.1885,0.5181,0.007947,0.04116,0.1504548461728768
629,1677542400,1633.97,0.4783,0.1368,0.1867,0.5002,0.007048,0.04072,0.1554922464572982
630,1677628800,1605.0,0.4772,0.1315,0.1834,0.4941,0.00671,0.03954,0.1505201050085229
631,1677715200,1665.45,0.4965,0.1333,0.1921,0.4992,0.007093,0.04158,0.1546317752571121
632,1677801600,1647.79,0.4681,0.136,0.218,0.4836,0.006377,0.04001,0.2383853073812062
633,1677888000,1569.58,0.397,0.1267,0.2032,0.4602,0.006545,0.03749,0.2398569744551115
634,1677974400,1566.93,0.3823,0.1199,0.1883,0.4444,0.006035,0.03504,0.1281953582835127
635,1678060800,1564.76,0.396,0.124,0.1923,0.4439,0.006525,0.03622,0.129254463773556
636,1678147200,1565.91,0.4006,0.1244,0.1966,0.433,0.006051,0.03889,0.1361865358438122
637,1678233600,1561.65,0.3852,0.1178,0.1841,0.4418,0.00641,0.03702,0.1289740508368572
638,1678320000,1532.44,0.3675,0.1128,0.1687,0.4198,0.006077,0.03368,0.1143009556421204
639,1678406400,1437.54,0.3315,0.1106,0.1534,0.3975,0.00546,0.03231,0.1802211587914751
640,1678492800,1431.4,0.3735,0.108,0.1553,0.3816,0.005254,0.0329,0.1682997424912223
641,1678579200,1483.2,0.3805,0.1057,0.1568,0.3696,0.00536,0.03151,0.1118030933819299
642,1678665600,1591.86,0.3964,0.1104,0.1647,0.3857,0.005768,0.03524,0.1106077261854522
643,1678752000,1680.71,0.4059,0.116,0.1734,0.4037,0.006555,0.03803,0.1927272506119392
644,1678838400,1705.06,0.4117,0.1165,0.2093,0.4043,0.006189,0.04306,0.1968561416476946
645,1678924800,1652.94,0.371,0.1004,0.1907,0.3961,0.005606,0.03811,0.1850277576879121
646,1679011200,1676.86,0.4195,0.1015,0.1961,0.3922,0.006012,0.03995,0.1881751471157849
647,1679097600,1793.04,0.3928,0.1023,0.2122,0.4034,0.006312,0.04414,0.1909971119052342
648,1679184000,1763.35,0.3761,0.1006,0.2045,0.3982,0.00477,0.04594,0.1878598514175782
649,1679270400,1785.66,0.3792,0.102,0.2045,0.394,0.00705,0.04645,0.1856335568880855
650,1679356800,1738.39,0.3596,0.09546,0.199,0.3847,0.007232,0.04312,0.1792849051000474
651,1679443200,1806.98,0.3826,0.09463,0.2026,0.3766,0.00632,0.04352,0.1979001010448815
652,1679529600,1738.78,0.3559,0.0926,0.1978,0.3562,0.00586,0.04062,0.2055404702807099
653,1679616000,1817.43,0.3627,0.0945,0.2031,0.3795,0.00607,0.04248,0.2067432093100507
654,1679702400,1751.94,0.3434,0.0894,0.1964,0.3577,0.005499,0.03969,0.2029739753461069
655,1679788800,1743.78,0.3367,0.104,0.1939,0.3561,0.005499,0.03829,0.197550567994682
656,1679875200,1775.76,0.344,0.09991,0.2006,0.354,0.005599,0.03995,0.209125433960787
657,1679961600,1716.29,0.3278,0.09484,0.1933,0.3342,0.005429,0.03753,0.2018200103982347
658,1680048000,1773.6,0.334,0.0933,0.1944,0.3616,0.005453,0.03895,0.2017955909861132
659,1680134400,1793.38,0.3433,0.09692,0.1981,0.3728,0.00588,0.04195,0.1957310844614233
660,1680220800,1793.89,0.3603,0.09164,0.2,0.3622,0.005561,0.04075,0.1367500951723237
661,1680307200,1822.07,0.3608,0.093,0.2004,0.3504,0.00541,0.04144,0.1401239043407021
662,1680393600,1821.79,0.3844,0.093,0.198,0.3499,0.005694,0.0415,0.1370051134758495
663,1680480000,1795.71,0.3573,0.089,0.1833,0.3523,0.008332,0.0406,0.1242617175231172
664,1680566400,1810.94,0.3478,0.087,0.1766,0.344,0.005541,0.04007,0.118657090218421
665,1680652800,1871.46,0.3512,0.089,0.1785,0.3553,0.00524,0.04045,0.1174854018775649
666,1680739200,1909.28,0.3519,0.089,0.1792,0.3693,0.00536,0.0415,0.118450972004649
667,1680825600,1872.91,0.3379,0.09,0.179,0.3755,0.00617,0.04031,0.1187636539233442
668,1680912000,1864.89,0.3277,0.093,0.1745,0.3639,0.00607,0.03992,0.1153333032174116
669,1680998400,1849.91,0.3347,0.09,0.1716,0.3673,0.00587,0.03961,0.114795430290493
670,1681084800,1859.73,0.3446,0.09,0.1753,0.3652,0.005952,0.04006,0.1150746206948157
671,1681171200,1911.14,0.3432,0.089,0.1749,0.3718,0.005447,0.04149,0.1197158165445698
672,1681257600,1891.5,0.3489,0.08981,0.1749,0.3641,0.00301,0.04161,0.1175767934243049
673,1681344000,1918.62,0.3402,0.09419,0.1717,0.3663,0.005682,0.04365,0.1145138469006786
674,1681430400,2013.97,0.3481,0.0915,0.175,0.3665,0.005777,0.04322,0.117915502471612
675,1681516800,2101.73,0.3599,0.093,0.1772,0.3659,0.006098,0.04341,0.1160408065496799
676,1681603200,2092.41,0.3562,0.08992,0.1737,0.3678,0.006064,0.04288,0.116353148064559
677,1681689600,2120.17,0.3615,0.091,0.1789,0.3678,0.00799,0.04414,0.1168992969422609
678,1681776000,2075.88,0.3499,0.088,0.1754,0.3666,0.005667,0.04376,0.1138703870887807
679,1681862400,2104.71,0.3555,0.09,0.1761,0.3757,0.005746,0.04709,0.1144921622853333
680,1681948800,1935.92,0.3064,0.086,0.1666,0.3966,0.0061,0.04336,0.1048314830988322
681,1682035200,1943.43,0.2771,0.085,0.1594,0.3648,0.005617,0.04241,0.1113210602541217
682,1682121600,1849.09,0.2702,0.07898,0.1555,0.3323,0.005452,0.03943,0.1036765779029396
683,1682208000,1874.58,0.2722,0.08127,0.157,0.348,0.005286,0.04094,0.1075966858747047
684,1682294400,1862.38,0.2706,0.079,0.1535,0.329,0.005243,0.04011,0.1044140269405421
685,1682380800,1842.55,0.29,0.079,0.1546,0.3208,0.005229,0.03933,0.1033969190579092
686,1682467200,1866.52,0.2806,0.079,0.1549,0.3183,0.005379,0.03969,0.1043136777165107
687,1682553600,1866.8,0.2776,0.07541,0.1516,0.3154,0.005402,0.03845,0.1035032711112754
688,1682640000,1909.45,0.293,0.077,0.153,0.3145,0.005602,0.03938,0.1029510184507338
689,1682726400,1896.05,0.2803,0.08197,0.1523,0.3117,0.005575,0.03892,0.1016014063435649
690,1682812800,1911.23,0.2911,0.07807,0.1605,0.3154,0.005558,0.03932,0.1027896977861118
691,1682899200,1872.4,0.2898,0.07507,0.1521,0.3261,0.005411,0.03819,0.1007918503090312
692,1682985600,1832.65,0.2777,0.074,0.1478,0.3051,0.005336,0.03723,0.0999134259062451
693,1683072000,1871.76,0.282,0.073,0.1473,0.3396,0.005452,0.03749,0.100852500144924
694,1683158400,1906.04,0.2769,0.07047,0.149,0.3562,0.005227,0.03706,0.1027745564620338
695,1683244800,1878.59,0.2774,0.07083,0.1489,0.364,0.00487,0.03492,0.0966391951588976
696,1683331200,1996.13,0.2871,0.07023,0.1523,0.3838,0.005614,0.03448,0.1100509730470483
697,1683417600,1901.94,0.2616,0.067,0.149,0.3886,0.00487,0.03225,0.1017177397627557
698,1683504000,1879.47,0.2676,0.066,0.1494,0.3651,0.00557,0.03196,0.0985643455444999
699,1683590400,1853.94,0.2602,0.059,0.1382,0.351,0.00414,0.02847,0.094716816228268
700,1683676800,1848.91,0.2496,0.05515,0.1396,0.3288,0.00301,0.02843,0.097432708554872
701,1683763200,1842.62,0.2329,0.057,0.1424,0.3341,0.004973,0.03131,0.0907519983226425
702,1683849600,1795.51,0.2207,0.063,0.1357,0.3165,0.004858,0.02846,0.0952541323342978
703,1683936000,1808.28,0.2105,0.06163,0.1331,0.3249,0.001754,0.03006,0.0903236473007856
704,1684022400,1796.08,0.213,0.06108,0.1289,0.3369,0.004286,0.02952,0.086602063153409
705,1684108800,1800.16,0.218,0.05812,0.1297,0.3401,0.004309,0.0305,0.0871710220899098
706,1684195200,1817.04,0.2346,0.058,0.1346,0.3398,0.001654,0.02991,0.0853355119033552
707,1684281600,1824.54,0.2367,0.058,0.1339,0.3297,0.004598,0.03197,0.0861143277248241
708,1684368000,1822.22,0.2269,0.058,0.1335,0.3284,0.004683,0.0324,0.0878863957463102
709,1684454400,1800.84,0.2173,0.045,0.1312,0.3329,0.00489,0.03196,0.0842629916281011
710,1684540800,1812.74,0.2181,0.045,0.1317,0.333,0.00301,0.03105,0.0909403509431774
711,1684627200,1820.0,0.2238,0.043,0.1311,0.3282,0.004677,0.03092,0.0883662958036158
712,1684713600,1805.38,0.228,0.043,0.1286,0.3203,0.00455,0.02948,0.0878553057853229
713,1684800000,1817.83,0.2234,0.038,0.1301,0.3207,0.004508,0.02999,0.0870958060950155
714,1684886400,1854.48,0.2235,0.03625,0.1308,0.3152,0.004543,0.03068,0.0878901796383481
715,1684972800,1799.99,0.2154,0.033,0.1244,0.3071,0.004266,0.02972,0.0835809708645059
716,1685059200,1806.04,0.2211,0.0319,0.1228,0.3054,0.004262,0.02999,0.0773937550281556
717,1685145600,1828.68,0.2175,0.043,0.1226,0.3073,0.004279,0.03019,0.0825678101396119
718,1685232000,1830.98,0.2315,0.03876,0.1225,0.3075,0.004303,0.03027,0.0802240058326653
719,1685318400,1909.28,0.2254,0.037,0.1261,0.3109,0.004468,0.03133,0.08572317520466
720,1685404800,1893.17,0.2257,0.0368,0.1255,0.3088,0.004354,0.03015,0.084004543154662
721,1685491200,1901.19,0.2215,0.035,0.1259,0.3073,0.004392,0.03007,0.0839933073192442
722,1685577600,1874.03,0.2106,0.031,0.121,0.3081,0.004254,0.02947,0.0802228634876606
723,1685664000,1862.24,0.2063,0.032,0.1214,0.3048,0.00419,0.02979,0.0799519863992533
724,1685750400,1907.36,0.2035,0.032,0.1223,0.3053,0.00433,0.03021,0.0818713352541946
725,1685836800,1892.63,0.244,0.032,0.1253,0.3037,0.004353,0.03011,0.0829470064074415
726,1685923200,1890.37,0.233,0.03414,0.1238,0.3036,0.004329,0.02962,0.0831864389532573
727,1686009600,1811.47,0.1899,0.02967,0.113,0.2815,0.00799,0.02643,0.0799246417944621
728,1686096000,1886.35,0.2074,0.02955,0.115,0.2889,0.004056,0.02774,0.0768207443138849
729,1686182400,1832.56,0.1886,0.02868,0.1116,0.2654,0.003903,0.02581,0.073450384024771
730,1686268800,1846.12,0.1798,0.02871,0.1067,0.2624,0.003914,0.02609,0.0721780085241679
731,1686355200,1840.51,0.1832,0.02875,0.1042,0.2597,0.003,0.02557,0.0703292677603137
732,1686441600,1752.49,0.1297,0.02371,0.08604,0.2379,0.003523,0.02121,0.0605956121797051
733,1686528000,1753.15,0.1175,0.02368,0.0885,0.2366,0.003541,0.02161,0.0602494845258836
734,1686614400,1742.66,0.1279,0.02311,0.08772,0.2282,0.003555,0.02177,0.0597579966331869
735,1686700800,1739.4,0.1189,0.0238,0.08833,0.2256,0.003514,0.02213,0.0591942300717032
736,1686787200,1650.8,0.1092,0.02288,0.0815,0.2147,0.0002,0.02128,0.0573406110240523
737,1686873600,1665.43,0.1124,0.0245,0.08242,0.2159,0.003397,0.02212,0.0584303808584717
738,1686960000,1716.87,0.1105,0.025,0.08562,0.2297,0.003399,0.02227,0.060059108780858
739,1687046400,1727.25,0.1061,0.026,0.09098,0.2302,0.003472,0.0233,0.0586453547201921
740,1687132800,1720.51,0.1162,0.0276,0.08614,0.222,0.003407,0.023,0.0586736413928262
741,1687219200,1736.79,0.1087,0.02575,0.08644,0.2253,0.003474,0.02328,0.059462416184564
742,1687305600,1792.7,0.1127,0.02658,0.09264,0.2322,0.003567,0.02427,0.0626727563930715
743,1687392000,1889.61,0.1617,0.02687,0.1012,0.2355,0.00384,0.0256,0.0697108595764975
744,1687478400,1872.42,0.1614,0.02626,0.09842,0.2375,0.00384,0.02494,0.0655938400367942
745,1687564800,1893.52,0.1658,0.027,0.1246,0.2396,0.003976,0.02618,0.0897711276472682
746,1687651200,1875.91,0.165,0.029,0.121,0.2349,0.004033,0.02659,0.0830858853262479
747,1687737600,1899.41,0.1646,0.035,0.1143,0.2369,0.003989,0.02682,0.0795917713369539
748,1687824000,1859.19,0.1574,0.03771,0.1126,0.2343,0.003904,0.02561,0.0784915401120172
749,1687910400,1889.8,0.1108,0.03796,0.112,0.2347,0.003969,0.0257,0.0763224016518841
750,1687996800,1827.54,0.1156,0.03492,0.1047,0.2266,0.003692,0.02341,0.0710581368929828
751,1688083200,1852.08,0.06292,0.03239,0.1053,0.2295,0.003723,0.02414,0.0709516381123443
752,1688169600,1933.62,0.1586,0.03115,0.1077,0.231,0.003906,0.02469,0.0742236815411648
753,1688256000,1924.32,0.2103,0.03128,0.1152,0.23,0.004003,0.02549,0.0751184719437863
754,1688342400,1937.46,0.1861,0.03227,0.1111,0.2298,0.00408,0.02512,0.0750307783798254
755,1688428800,1955.81,0.205,0.03233,0.1121,0.2335,0.004146,0.0258,0.07540515747528
756,1688515200,1936.37,0.1754,0.03073,0.109,0.2294,0.004221,0.0252,0.0727647917387423
757,1688601600,1910.36,0.1525,0.03382,0.1166,0.2212,0.004203,0.02429,0.0758661077661196
758,1688688000,1846.23,0.207,0.02991,0.112,0.216,0.003951,0.02342,0.0743151355926002
759,1688774400,1870.78,0.1403,0.02949,0.1111,0.2123,0.00533,0.02418,0.0745328265820042
760,1688860800,1865.62,0.2096,0.03035,0.111,0.2181,0.004011,0.02411,0.0740997301752778
761,1688947200,1863.09,0.1764,0.03113,0.1076,0.2136,0.004043,0.02406,0.0739567855552891
762,1689033600,1880.69,0.1965,0.04015,0.1071,0.2117,0.00396,0.02432,0.0727548991912866
763,1689120000,1878.62,0.2107,0.03333,0.108,0.2108,0.00465,0.02467,0.0736949971234531
764,1689206400,1871.83,0.1516,0.03313,0.1123,0.2082,0.004062,0.02419,0.0760607779123627
765,1689292800,2005.75,0.1762,0.03373,0.1168,0.2164,0.004252,0.02621,0.0807626736871501
766,1689379200,1939.13,0.1688,0.032,0.1142,0.2092,0.00037,0.02529,0.0768049158876027
767,1689465600,1931.84,0.1794,0.03273,0.1198,0.2061,0.00439,0.02571,0.0826990901696053
768,1689552000,1923.31,0.1897,0.03269,0.1178,0.2049,0.004231,0.02494,0.0781863658330201
769,1689638400,1911.56,0.1749,0.03248,0.1172,0.2022,0.00445,0.02796,0.0776621525957763
770,1689724800,1897.76,0.1671,0.03226,0.1135,0.2003,0.004896,0.02628,0.0769944645096751
771,1689811200,1888.8,0.1654,0.03295,0.1142,0.1943,0.00476,0.02578,0.0761659040680238
772,1689897600,1891.77,0.2051,0.03245,0.1131,0.1949,0.00504,0.02642,0.0748725059372375
773,1689984000,1891.92,0.2094,0.03247,0.114,0.1916,0.00609,0.02677,0.0769150041460777
774,1690070400,1866.58,0.2085,0.03256,0.115,0.1892,0.0079,0.02615,0.0764124001758956
775,1690156800,1888.72,0.2106,0.032,0.1163,0.2048,0.00707,0.02649,0.0772806864267953
776,1690243200,1849.87,0.1751,0.03138,0.1113,0.1917,0.006512,0.0246,0.0744568305414006
777,1690329600,1857.51,0.2046,0.03157,0.1107,0.1889,0.006018,0.02409,0.0747394694383833
778,1690416000,1871.94,0.2055,0.03117,0.1182,0.1942,0.005897,0.02333,0.0799583045387999
779,1690502400,1860.95,0.1753,0.03168,0.1148,0.2023,0.005676,0.02368,0.0807586215991254
780,1690588800,1874.32,0.1466,0.03057,0.1166,0.2007,0.00656,0.02368,0.0780021941120221
781,1690675200,1880.9,0.2049,0.03142,0.122,0.2016,0.00689,0.02349,0.0798987827758072
782,1690761600,1861.71,0.2044,0.0315,0.1161,0.1932,0.00666,0.0232,0.078743613481264
783,1690848000,1856.01,0.204,0.03147,0.115,0.1913,0.006218,0.02298,0.0774560366228317
784,1690934400,1872.96,0.2305,0.03073,0.1161,0.1932,0.00623,0.02351,0.0793429514903373
785,1691020800,1839.07,0.2216,0.03118,0.1127,0.1894,0.00645,0.02327,0.078333843169213
786,1691107200,1834.44,0.2218,0.03084,0.1129,0.1875,0.00645,0.02271,0.0756711291025755
787,1691193600,1827.52,0.1859,0.03033,0.1096,0.1837,0.007438,0.0222,0.0756070171582651
788,1691280000,1834.9,0.1487,0.02891,0.1124,0.2215,0.006863,0.02439,0.0751101215852774
789,1691366400,1827.81,0.174,0.02803,0.1148,0.2206,0.006726,0.02349,0.0753504528923345
790,1691452800,1827.07,0.2183,0.028,0.1134,0.2055,0.00732,0.02313,0.0746647953863847
791,1691539200,1855.78,0.2263,0.02431,0.1137,0.1977,0.00604,0.02353,0.07677641455445
792,1691625600,1854.14,0.2247,0.022,0.1139,0.2029,0.006527,0.02331,0.0807768144881518
793,1691712000,1850.51,0.1518,0.01963,0.1134,0.195,0.00611,0.02279,0.0753934267280437
794,1691798400,1847.01,0.1564,0.019,0.1128,0.2105,0.007148,0.02291,0.0745033068430564
795,1691884800,1849.08,0.1612,0.017,0.1113,0.2079,0.006768,0.02308,0.0758716826924825
796,1691971200,1839.07,0.1592,0.01696,0.1108,0.2036,0.006749,0.02289,0.0757811768556335
797,1692057600,1844.02,0.1947,0.01672,0.1129,0.1957,0.006675,0.02311,0.072446617267703
798,1692144000,1827.21,0.1925,0.01498,0.1084,0.1886,0.006432,0.02163,0.072446617267703
799,1692230400,1805.68,0.1406,0.01481,0.1021,0.1799,0.00586,0.02067,0.0687101304749056
800,1692316800,1681.74,0.1664,0.01344,0.099,0.1631,0.004894,0.01931,0.0681691968345447
801,1692403200,1661.34,0.1636,0.015,0.09352,0.1617,0.00566,0.01968,
802,1692489600,1669.67,0.1204,0.015,0.09286,0.1658,0.00497,0.02008,
803,1692576000,1685.38,0.1527,0.01523,0.09405,0.1638,0.005225,0.02008,
804,1692662400,1667.37,0.1194,0.01504,0.09289,0.1626,0.005486,0.01939,
805,1692748800,1634.23,0.1859,0.01481,0.09173,0.1648,0.005328,0.01934,0.0594968341672774
806,1692835200,1679.23,0.1189,0.01475,0.09084,0.1657,0.005374,0.01991,0.0594968341672774
807,1692921600,1660.46,0.1233,0.01416,0.08996,0.1622,0.005247,0.01955,
808,1693008000,1652.94,0.1519,0.0141,0.08729,0.1622,0.005141,0.01936,
809,1693094400,1646.3,0.1516,0.01392,0.08995,0.1603,0.005169,0.01908,
810,1693180800,1657.6,0.1859,0.01433,0.08795,0.1584,0.005371,0.01922,
811,1693267200,1652.22,0.1522,0.01389,0.08673,0.1568,0.005105,0.01946,
812,1693353600,1729.38,0.1331,0.01427,0.0918,0.156,0.005171,0.02048,0.0200072882921005
813,1693440000,1705.51,0.1576,0.01448,0.09086,0.1546,0.004997,0.01998,0.0200072882921005
814,1693526400,1645.67,0.1144,0.01323,0.08425,0.1489,0.004756,0.01885,0.0562655428908058
815,1693612800,1628.51,0.1058,0.014,0.08174,0.1488,0.004658,0.01859,0.0555906181901871
816,1693699200,1636.88,0.1261,0.01402,0.08377,0.1897,0.004649,0.01854,0.0552031730957257
817,1693785600,1635.72,0.1083,0.01449,0.08528,0.1653,0.005071,0.01662,
818,1693872000,1629.77,0.1859,0.01405,0.0838,0.1557,0.004906,0.01587,
819,1693958400,1633.83,0.1496,0.01362,0.08573,0.1528,0.00482,0.01641,
820,1694044800,1632.35,0.1494,0.0133,0.08462,0.1536,0.004815,0.01607,0.0560849639986244
821,1694131200,1647.63,0.1859,0.01377,0.08372,0.1545,0.004828,0.01611,0.0560849639986244
822,1694217600,1636.13,0.1503,0.01342,0.08429,0.1535,0.004876,0.01598,0.0558610994843617
823,1694304000,1635.27,0.18,0.01413,0.08326,0.159,0.004824,0.01599,0.056389267534436
824,1694390400,1616.78,0.1801,0.01351,0.08236,0.1572,0.004721,0.01469,0.0542568129769892
825,1694476800,1551.53,0.1952,0.01297,0.07963,0.1478,0.00453,0.01412,0.0518815538055806
826,1694563200,1593.09,0.1948,0.01324,0.07967,0.1492,0.004572,0.01386,0.053749826873291
827,1694649600,1607.97,0.1568,0.01321,0.07821,0.1461,0.004727,0.0141,0.053569069122834
828,1694736000,1627.01,0.1459,0.01315,0.08495,0.1486,0.006069,0.0144,0.0551963532775529
829,1694822400,1641.48,0.1594,0.01318,0.08518,0.1482,0.006681,0.01472,0.056887421068289
830,1694908800,1634.86,0.1398,0.01345,0.08637,0.147,0.006997,0.01486,0.0574873261137252
831,1694995200,1622.81,0.1396,0.01274,0.08164,0.1455,0.005436,0.01421,0.0571275689216048
832,1695081600,1637.19,0.1427,0.01329,0.08214,0.1462,0.005566,0.01431,0.0555810487615558
833,1695168000,1643.58,0.1382,0.01309,0.08843,0.1451,0.006772,0.01433,0.0595763826016508
834,1695254400,1622.39,0.1418,0.01299,0.08867,0.145,0.006749,0.01392,0.0599970518749957
835,1695340800,1584.04,0.1392,0.01259,0.08637,0.1403,0.006209,0.01315,0.0613553289796319
836,1695427200,1593.13,0.1409,0.01271,0.08613,0.1402,0.006755,0.01348,0.0594846201347063
837,1695513600,1593.91,0.1384,0.01261,0.0864,0.1414,0.007444,0.01344,0.0587920572157174
838,1695600000,1580.76,0.1438,0.0131,0.08619,0.1377,0.006671,0.01328,0.0593619997896892
839,1695686400,1588.04,0.1384,0.01305,0.085,0.1356,0.006924,0.01352,0.0578828880362388
840,1695772800,1593.27,0.1426,0.01287,0.08581,0.1338,0.007361,0.01336,0.0580904661507468
841,1695859200,1597.73,0.1467,0.01344,0.08497,0.133,0.007302,0.0133,0.0589689074273775
842,1695945600,1652.9,0.1481,0.01309,0.08647,0.1366,0.007107,0.01344,0.0577549072777218
843,1696032000,1667.44,0.1589,0.01375,0.08707,0.1361,0.00692,0.01437,0.0585661309608408
844,1696118400,1670.97,0.1539,0.01439,0.08866,0.1381,0.00665,0.01426,0.0587979012062422
845,1696204800,1733.44,0.1581,0.015,0.09212,0.1421,0.007003,0.01506,0.0620418580411212
846,1696291200,1662.8,0.1679,0.01393,0.08883,0.1358,0.006734,0.01477,0.06112572570732
847,1696377600,1656.96,0.1541,0.0139,0.08738,0.1378,0.006313,0.01538,0.060053619464675
848,1696464000,1646.79,0.153,0.01351,0.08723,0.139,0.006422,0.01569,0.0591213047779917
849,1696550400,1611.72,0.148,0.01359,0.08558,0.1405,0.006673,0.01447,0.0573200647850691
850,1696636800,1645.93,0.1504,0.01437,0.09864,0.1414,0.00716,0.01462,0.0648460342433838
851,1696723200,1634.64,0.1495,0.01398,0.09307,0.1409,0.006865,0.01465,0.069615546856122
852,1696809600,1633.61,0.1431,0.01427,0.09553,0.1387,0.006681,0.01438,0.0685708523064493
853,1696896000,1580.25,0.1309,0.01357,0.08766,0.1336,0.006511,0.01339,0.0597255258811103
854,1696982400,1567.68,0.1313,0.01421,0.09164,0.1328,0.006286,0.01339,0.0603691384536269
855,1697068800,1566.52,0.1299,0.01367,0.08633,0.1328,0.006595,0.01322,0.0591578452959928
856,1697155200,1539.43,0.1285,0.013,0.0957,0.1341,0.00645,0.01353,0.0636803060249687
857,1697241600,1552.12,0.1312,0.012,0.1028,0.1319,0.006534,0.01368,0.0707960396958104
858,1697328000,1555.02,0.1328,0.01238,0.11,0.132,0.006453,0.01355,0.0717530923522263
859,1697414400,1557.99,0.1431,0.01279,0.107,0.1319,0.00659,0.01366,0.0743575932498614
860,1697500800,1600.09,0.1456,0.01199,0.1082,0.1331,0.006736,0.01386,0.0749614926204065
861,1697587200,1565.4,0.1406,0.012,0.1094,0.1324,0.00731,0.01324,0.0756100322354458
862,1697673600,1563.66,0.1363,0.0113,0.1001,0.1309,0.006646,0.01296,0.0675153081628116
863,1697760000,1567.55,0.1446,0.01245,0.09429,0.1301,0.006302,0.01265,0.0637869913315229
864,1697846400,1604.86,0.1419,0.01264,0.09547,0.1324,0.006484,0.01291,0.0621663422278295
865,1697932800,1629.44,0.1448,0.01322,0.09726,0.1324,0.00655,0.01351,0.0647619176175983
866,1698019200,1664.18,0.1696,0.01272,0.09924,0.1347,0.006524,0.01427,0.0668312813720209
867,1698105600,1766.32,0.1619,0.01272,0.09988,0.1366,0.006694,0.01471,0.0688940502347594
868,1698192000,1785.2,0.1554,0.0137,0.1076,0.1355,0.006909,0.01507,0.0726276627573293
869,1698278400,1787.67,0.184,0.01253,0.1069,0.1384,0.007061,0.01599,0.0700593575745061
870,1698364800,1803.72,0.2534,0.01222,0.1055,0.1406,0.006926,0.0186,0.0723315404668041
871,1698451200,1779.98,0.2698,0.01253,0.1055,0.1493,0.007102,0.01755,0.071258975566437
872,1698537600,1776.59,0.2525,0.01277,0.1079,0.1486,0.007284,0.0181,0.0709612169159854
873,1698624000,1795.69,0.2448,0.01282,0.1085,0.1516,0.007452,0.02085,0.0733446632194596
874,1698710400,1809.85,0.2427,0.01307,0.1105,0.1529,0.007819,0.0199,0.0725524458954912
875,1698796800,1815.45,0.2287,0.01283,0.1059,0.1587,0.007806,0.01912,0.0736768736634031
876,1698883200,1847.63,0.2446,0.0128,0.1198,0.1613,0.008795,0.01961,0.0823071266695741
877,1698969600,1801.34,0.2158,0.01234,0.1152,0.1571,0.008628,0.01829,0.0795871979546435
878,1699056000,1833.71,0.2068,0.01202,0.1128,0.1524,0.00827,0.01862,0.0771995751731886
879,1699142400,1857.23,0.2091,0.01192,0.1154,0.1552,0.008655,0.0196,0.0776860868174042
880,1699228800,1893.28,0.2113,0.01194,0.1188,0.1572,0.00852,0.02044,0.0774588112558211
881,1699315200,1901.65,0.2156,0.01219,0.1172,0.1577,0.008253,0.02126,0.0778635474072007
882,1699401600,1886.12,0.2143,0.01208,0.1168,0.1614,0.007997,0.02097,0.0819485323811248
883,1699488000,1889.05,0.2494,0.01246,0.1214,0.1745,0.00835,0.02276,0.0811704599785164
884,1699574400,2121.13,0.2405,0.01258,0.1145,0.1658,0.008103,0.02389,0.0837701834852969
885,1699660800,2078.52,0.2999,0.014,0.119,0.1706,0.00873,0.02528,0.0819261631858034
886,1699747200,2053.53,0.2877,0.0145,0.126,0.1706,0.01019,0.02458,0.0827995707376224
887,1699833600,2045.4,0.2829,0.01423,0.1185,0.1769,0.009307,0.0243,0.0828133986778884
888,1699920000,2054.32,0.2473,0.01332,0.1222,0.1687,0.009039,0.02212,0.0820240089962479
889,1700006400,1979.66,0.2356,0.0135,0.1157,0.1678,0.008612,0.02306,0.0778479916300254
890,1700092800,2059.63,0.2453,0.0133,0.1193,0.1748,0.00898,0.02419,0.0813761896761833
891,1700179200,1961.54,0.2395,0.01305,0.1164,0.1673,0.008533,0.02347,0.0757269966797885
892,1700265600,1961.61,0.2217,0.01292,0.1157,0.1741,0.008474,0.02604,0.0759672927940675
893,1700352000,1963.67,0.2272,0.01292,0.1165,0.1823,0.008287,0.02349,0.0764213231637155
894,1700438400,2012.46,0.2308,0.01299,0.1172,0.1832,0.008472,0.02454,0.0794716238444316
895,1700524800,2022.62,0.2534,0.01293,0.1172,0.1877,0.008273,0.02561,0.0770821977122554
896,1700611200,1933.76,0.2148,0.01036,0.1086,0.1798,0.00731,0.0227,0.0727826424511933
897,1700697600,2064.08,0.2273,0.01429,0.1112,0.196,0.007844,0.02538,0.0757413598145486
898,1700784000,2062.63,0.2306,0.01367,0.1091,0.2153,0.007755,0.02417,0.0726978591636389
899,1700870400,2082.24,0.2336,0.01449,0.1082,0.2275,0.007954,0.02449,0.0739442076926888
900,1700956800,2084.06,0.2503,0.014,0.1123,0.2233,0.008024,0.02638,0.0767918158085426
901,1701043200,2063.01,0.2622,0.017,0.1159,0.2188,0.00817,0.02725,0.0735802931089711
902,1701129600,2027.67,0.2407,0.02348,0.1111,0.2079,0.007705,0.02733,0.0691265803256233
903,1701216000,2049.1,0.2486,0.0218,0.1097,0.21,0.00791,0.02636,0.0777648362292748
904,1701302400,2029.17,0.2524,0.02215,0.112,0.2215,0.007934,0.0251,0.0741680748916197
905,1701388800,2052.93,0.2427,0.02182,0.116,0.2114,0.007863,0.02518,0.0759959513448181
906,1701475200,2088.21,0.2429,0.02404,0.1169,0.2164,0.008144,0.02601,0.0752944691022975
907,1701561600,2165.6,0.2506,0.02461,0.1162,0.2113,0.008186,0.02651,0.080020131318653
908,1701648000,2193.78,0.2516,0.02663,0.1179,0.2094,0.008051,0.02668,0.0799187587624886
909,1701734400,2243.25,0.2409,0.02741,0.1267,0.2114,0.008121,0.02939,0.0807248849205535
910,1701820800,2293.88,0.2418,0.02519,0.1257,0.2073,0.008235,0.03037,0.0875063912213144
911,1701907200,2232.96,0.2244,0.02503,0.1236,0.1983,0.008284,0.02889,0.0839243684666542
912,1701993600,2356.77,0.2361,0.02144,0.1208,0.201,0.008461,0.03152,0.0859772587343678
913,1702080000,2358.94,0.2442,0.02186,0.1229,0.2118,0.008752,0.03305,0.0880943927748861
914,1702166400,2341.13,0.2784,0.02127,0.1262,0.2113,0.009575,0.03242,0.0840529411193008
915,1702252800,2352.31,0.2809,0.02191,0.1244,0.2153,0.009433,0.03458,0.0844609620173329
916,1702339200,2224.1,0.2613,0.02004,0.1184,0.2012,0.008652,0.03069,0.0801612178259312
917,1702425600,2202.33,0.2698,0.01996,0.114,0.5939,0.008589,0.03071,0.0796863103854884
918,1702512000,2260.72,0.2763,0.0202,0.1154,0.6048,0.008749,0.03157,0.0801820016200013
919,1702598400,2316.03,0.2703,0.02269,0.1178,0.57,0.008894,0.03209,0.082571062063439
920,1702684800,2220.32,0.2598,0.02001,0.1177,0.5533,0.008459,0.02959,0.0815966693982832
921,1702771200,2227.14,0.2724,0.0217,0.1194,0.528,0.008641,0.03052,0.0799557165275376
922,1702857600,2194.84,0.2577,0.02141,0.1197,0.4734,0.008735,0.02963,0.0768228118717676
923,1702944000,2218.75,0.252,0.02102,0.1173,0.4444,0.008542,0.02928,0.0776103162553703
924,1703030400,2177.38,0.2506,0.02061,0.1189,0.4934,0.008514,0.02851,0.0743409174198861
925,1703116800,2202.03,0.2451,0.0203,0.1207,0.5095,0.008676,0.03043,0.0778902130892184
926,1703203200,2239.88,0.2412,0.02107,0.1215,0.5115,0.00896,0.03148,0.0820326503304332
927,1703289600,2326.53,0.248,0.02132,0.1234,0.4881,0.00905,0.03221,0.0811177448812518
928,1703376000,2309.54,0.248,0.02053,0.1231,0.4828,0.009053,0.03158,0.0839416749341195
929,1703462400,2265.42,0.2431,0.01987,0.1291,0.4649,0.008722,0.03099,0.085974760120361
930,1703548800,2271.75,0.2492,0.01989,0.1305,0.4762,0.008928,0.03569,0.0885151352470424
931,1703635200,2230.94,0.2409,0.02032,0.1231,0.4652,0.008745,0.03311,0.0854063200534724
932,1703721600,2380.34,0.2437,0.02056,0.1286,0.5288,0.00895,0.03349,0.0882537842248113
933,1703808000,2345.44,0.2732,0.02119,0.1244,0.5069,0.008748,0.03138,0.0882844082942446
934,1703894400,2299.64,0.2497,0.02013,0.1161,0.5589,0.008601,0.03088,0.0819639797525725
935,1703980800,2291.65,0.2436,0.02114,0.119,0.6989,0.008502,0.03072,0.0819224117935595
936,1704067200,2281.36,0.2264,0.02077,0.1234,0.6661,0.008806,0.03039,0.0783146921539087
937,1704153600,2352.65,0.2314,0.02106,0.1215,0.7218,0.008846,0.03211,0.0894396924693053
938,1704240000,2356.28,0.2281,0.02089,0.1205,0.7331,0.008836,0.03099,0.0831147528958079
939,1704326400,2210.57,0.1918,0.01992,0.1345,0.6745,0.008091,0.02683,0.0916058564080462
940,1704412800,2269.47,0.2002,0.02045,0.1457,0.6927,0.008125,0.02801,0.1009103329778465
941,1704499200,2270.21,0.2048,0.02068,0.1474,0.6475,0.007878,0.02675,0.107022645562764
942,1704585600,2241.73,0.1967,0.0222,0.1428,0.5784,0.007981,0.02622,0.093662375693344
943,1704672000,2222.73,0.1871,0.02069,0.1301,0.5254,0.007335,0.02469,0.0904027020381956
944,1704758400,2332.66,0.1944,0.02169,0.176,0.5511,0.007558,0.02656,0.1208775309787434
945,1704844800,2344.97,0.1872,0.02076,0.1518,0.5835,0.007176,0.02469,0.1045048462996643
946,1704931200,2584.69,0.1995,0.02108,0.1583,0.5891,0.007677,0.02731,0.112049836141369
947,1705017600,2618.71,0.2052,0.02061,0.1583,0.607,0.007882,0.02799,0.1126733974224945
948,1705104000,2522.11,0.1956,0.0204,0.165,0.5636,0.007465,0.02599,0.1073457646511941
949,1705190400,2577.89,0.2071,0.0205,0.167,0.58,0.007579,0.02673,0.1131037436885691
950,1705276800,2470.94,0.1951,0.02112,0.1923,0.5478,0.007339,0.02528,0.1299747344582973
951,1705363200,2510.12,0.2032,0.02207,0.1675,0.5595,0.00753,0.02521,0.1140738078027757
952,1705449600,2586.91,0.2081,0.02223,0.1668,0.5838,0.007657,0.02589,0.1128483073289365
953,1705536000,2528.09,0.1994,0.02127,0.1573,0.5883,0.00761,0.0255,0.1076437545611483
954,1705622400,2468.6,0.1891,0.02075,0.1448,0.5578,0.007184,0.0238,0.1031786487104622
955,1705708800,2490.05,0.1911,0.02062,0.1441,0.5404,0.007271,0.02379,0.0998912906014228
956,1705795200,2470.31,0.1935,0.02054,0.1437,0.5287,0.007312,0.02373,0.0939824523612786
957,1705881600,2455.35,0.2013,0.02043,0.1419,0.5314,0.007341,0.02402,0.0951103626319262
958,1705968000,2311.54,0.1834,0.01984,0.1373,0.4897,0.006888,0.0223,0.0885694095160263
959,1706054400,2241.32,0.1776,0.01896,0.1278,0.5072,0.006814,0.02189,0.0836293097676053
960,1706140800,2234.13,0.179,0.01832,0.1285,0.5058,0.006948,0.02246,0.0894587809154702
961,1706227200,2217.5,0.1753,0.01818,0.1228,0.493,0.006985,0.0221,0.0861968361247536
962,1706313600,2267.33,0.1854,0.01888,0.1285,0.5165,0.007187,0.02308,0.0951563068015766
963,1706400000,2267.97,0.1841,0.01933,0.1285,0.5246,0.007212,0.02328,0.0879888324258274
964,1706486400,2256.6,0.1818,0.01931,0.1256,0.5058,0.006973,0.02272,0.0874028272769529
965,1706572800,2317.51,0.1879,0.0191,0.129,0.5153,0.007092,0.02349,0.0937573180073603
966,1706659200,2343.1,0.184,0.02024,0.1297,0.5223,0.006959,0.02269,0.0880500093656167
967,1706745600,2281.77,0.1782,0.01983,0.123,0.4964,0.006777,0.02178,0.0827046098679132
968,1706832000,2303.34,0.1759,0.02023,0.1194,0.4959,0.006841,0.02171,0.0800128701061606
969,1706918400,2307.85,0.178,0.01977,0.1207,0.4965,0.006947,0.02189,0.0809147094794895
970,1707004800,2295.87,0.1768,0.01996,0.1195,0.4965,0.006865,0.02169,0.0807567205306422
971,1707091200,2288.68,0.173,0.01986,0.1227,0.4832,0.006752,0.02118,0.0816728330251417
972,1707177600,2299.16,0.1752,0.01885,0.1205,0.4842,0.006668,0.02187,0.0807395968755218
973,1707264000,2372.2,0.1766,0.01908,0.1248,0.4926,0.00669,0.02179,0.0839644117839847
974,1707350400,2424.33,0.1836,0.01986,0.1242,0.4874,0.006837,0.0229,0.0826385074192723
975,1707436800,2419.79,0.1828,0.02001,0.1205,0.4847,0.006848,0.02253,0.0844693630539303
976,1707523200,2487.62,0.1906,0.02025,0.1249,0.4981,0.00699,0.0241,0.0808581953303733
977,1707609600,2500.87,0.1928,0.02002,0.1285,0.5259,0.007002,0.02393,0.0831696889936477
978,1707696000,2507.91,0.1956,0.01993,0.1273,0.5543,0.007072,0.0238,0.0869456141281568
979,1707782400,2660.56,0.1998,0.01948,0.129,0.5589,0.00721,0.02462,0.0898694007069686
980,1707868800,2641.6,0.1985,0.02084,0.126,0.5446,0.007,0.02494,0.0843230980744031
981,1707955200,2777.51,0.2042,0.02057,0.1314,0.5503,0.007166,0.02588,0.0898522124310084
982,1708041600,2825.35,0.2068,0.02053,0.1393,0.5419,0.007289,0.02709,0.098979400113849
983,1708128000,2804.05,0.2056,0.02047,0.143,0.5433,0.007543,0.02657,0.0982049193231905
984,1708214400,2787.0,0.2107,0.02033,0.1397,0.5276,0.007497,0.02649,0.0948055598844116
985,1708300800,2881.4,0.2104,0.0199,0.1393,0.5314,0.007549,0.02757,0.0942948449178406
986,1708387200,2945.0,0.2142,0.02314,0.1403,0.5337,0.007745,0.02835,0.0984588308912833
987,1708473600,3015.27,0.21,0.02185,0.1408,0.5687,0.00793,0.02794,0.0940383317428622
988,1708560000,2968.67,0.1941,0.02245,0.1379,0.5749,0.007659,0.02736,0.0927681644704933
989,1708646400,2969.67,0.1867,0.02347,0.1397,0.5637,0.008107,0.02854,0.0930268379071666
990,1708732800,2922.1,0.1881,0.02492,0.1324,0.5513,0.008007,0.02926,0.0921184141064751
991,1708819200,2992.35,0.1946,0.02504,0.1403,0.569,0.00796,0.02981,0.0903909378813963
992,1708905600,3112.81,0.1954,0.02757,0.1699,0.5567,0.007938,0.03048,0.0945387739719106
993,1708992000,3178.24,0.2025,0.02911,0.1433,0.5587,0.008295,0.0337,0.0964243595112502
994,1709078400,3243.69,0.2127,0.02773,0.1482,0.5438,0.008239,0.04109,0.1016275638946169
995,1709164800,3386.34,0.2139,0.02754,0.1515,0.5315,0.008297,0.03778,0.1014481329873106
996,1709251200,3342.24,0.2244,0.02897,0.1547,0.5401,0.00879,0.03971,0.0956796639721639
997,1709337600,3435.9,0.2387,0.02965,0.1603,0.5754,0.01007,0.04177,0.1049701156136207
998,1709424000,3423.65,0.2487,0.03216,0.1667,0.6077,0.01044,0.04632,0.104937994290643
999,1709510400,3489.57,0.2507,0.037,0.1648,0.6242,0.01029,0.04489,0.1063785255496801
1000,1709596800,3631.85,0.2517,0.075,0.1669,0.6321,0.01075,0.04547,0.1115553908889668
1001,1709683200,3557.93,0.2372,0.103,0.1508,0.5606,0.009642,0.03988,0.0985170058247378
1002,1709769600,3821.19,0.259,0.081,0.155,0.6054,0.01013,0.04265,0.1043451162605719
1003,1709856000,3874.46,0.2897,0.075,0.1604,0.699,0.01081,0.04409,0.1082086303413685
1004,1709942400,3891.97,0.2811,0.118,0.1644,0.7263,0.0107,0.04387,0.1108374136905943
1005,1710028800,3913.28,0.2751,0.11,0.1707,0.7269,0.01143,0.05637,0.1143149222416668
1006,1710115200,3881.86,0.2736,0.101,0.1742,0.8862,0.01118,0.08272,0.1209436973924959
1007,1710201600,4065.75,0.2966,0.1112,0.1824,0.8838,0.01179,0.07383,0.1252370835916032
1008,1710288000,3979.43,0.2883,0.107,0.1847,0.9137,0.01242,0.07008,0.1240300107449414
1009,1710374400,4007.46,0.2721,0.1013,0.1824,0.9309,0.01274,0.0728,0.1256346567904673
1010,1710460800,3880.8,0.2574,0.097,0.1792,0.8844,0.01234,0.07043,0.127606399453353
1011,1710547200,3742.44,0.2498,0.08404,0.1752,0.8323,0.01145,0.06493,0.1139992581370449
1012,1710633600,3520.08,0.2387,0.07303,0.1628,0.824,0.01024,0.05979,0.1089496615011017
1013,1710720000,3641.61,0.2502,0.08177,0.1731,0.8501,0.01082,0.06291,0.1121091403986841
1014,1710806400,3520.31,0.2379,0.07429,0.1556,0.7887,0.0101,0.05869,0.108388895058048
1015,1710892800,3158.44,0.1964,0.07554,0.1515,0.7066,0.009191,0.05337,0.1008936896592165
1016,1710979200,3516.66,0.2005,0.08,0.1647,0.8886,0.01027,0.05875,0.1075881019907972
1017,1711065600,3492.08,0.2006,0.07059,0.1657,0.8937,0.01062,0.05686,0.1142783618888352
1018,1711152000,3337.08,0.2069,0.077,0.1713,0.8445,0.01011,0.05623,0.1130466051560059
1019,1711238400,3330.49,0.2021,0.087,0.1866,0.8523,0.01026,0.06384,0.1271877112240398
1020,1711324800,3454.45,0.2059,0.081,0.185,0.868,0.01085,0.06299,0.124352927779329
1021,1711411200,3590.96,0.2195,0.08269,0.1845,1.019,0.01142,0.06791,0.1265226181439581
1022,1711497600,3587.6,0.2374,0.07899,0.28,1.035,0.0132,0.06825,0.1866221443580429
1023,1711584000,3499.77,0.2304,0.0804,0.271,0.981,0.01235,0.06526,0.1757854443816637
1024,1711670400,3561.1,0.2897,0.07974,0.2547,0.9915,0.01211,0.06802,0.1742990677329095
1025,1711756800,3511.49,0.281,0.07731,0.2292,0.9512,0.0118,0.06543,0.1650511419320934
1026,1711843200,3507.56,0.3736,0.07942,0.2459,0.9662,0.01168,0.06753,0.1670595065623839
1027,1711929600,3645.98,0.3472,0.07606,0.2535,0.9878,0.01214,0.06919,0.1707583394450608
1028,1712016000,3505.52,0.3038,0.07027,0.2356,0.9187,0.01118,0.06364,0.1694488376750338
1029,1712102400,3279.4,0.2672,0.07173,0.2155,0.8343,0.009937,0.05686,0.1434062933679423
1030,1712188800,3312.24,0.2669,0.06481,0.2045,0.8383,0.0101,0.05562,0.1422240773437355
1031,1712275200,3329.17,0.2523,0.06111,0.2155,0.8769,0.01039,0.0575,0.1509707340583423
1032,1712361600,3319.12,0.241,0.05752,0.2116,0.8648,0.01016,0.05595,0.1544290960229034
1033,1712448000,3352.4,0.2335,0.069,0.2129,0.878,0.01036,0.05717,0.1536007011436367
1034,1712534400,3453.85,0.2346,0.086,0.2183,0.8818,0.01064,0.06153,0.1508554535614334
1035,1712620800,3694.7,0.2375,0.08169,0.2248,0.8939,0.01112,0.06572,0.1576604754164056
1036,1712707200,3504.83,0.2128,0.08,0.2342,0.8325,0.01065,0.06083,0.166417585629494
1037,1712793600,3545.56,0.2119,0.07504,0.2279,0.8143,0.01057,0.06008,0.165062940917896
1038,1712880000,3503.21,0.2073,0.07638,0.2134,0.7965,0.01068,0.05871,0.1504761283814644
1039,1712966400,3239.12,0.165,0.06018,0.1878,0.6982,0.008908,0.04759,0.1279567400803566
1040,1713052800,3011.51,0.1355,0.05407,0.1531,0.6069,0.007348,0.04068,0.1125567323723926
1041,1713139200,3158.26,0.1443,0.06091,0.1702,0.6935,0.007706,0.0441,0.1206267966542631
1042,1713225600,3103.0,0.148,0.05724,0.1618,0.6608,0.007292,0.04117,0.1103355832153969
1043,1713312000,3085.42,0.1533,0.0559,0.157,0.6533,0.00722,0.04165,0.1086274040312891
1044,1713398400,2985.12,0.1511,0.05539,0.1661,0.6297,0.006985,0.04029,0.1054437661273479
1045,1713484800,3065.69,0.1546,0.05511,0.1604,0.7103,0.007235,0.04457,0.1094679347023376
1046,1713571200,3057.95,0.1481,0.05676,0.1632,0.7033,0.007523,0.0442,0.1107262281864641
1047,1713657600,3157.04,0.1682,0.06166,0.1757,0.7351,0.008177,0.04976,0.1213632287604282
1048,1713744000,3148.11,0.1645,0.05981,0.1837,0.7342,0.007965,0.04891,0.1215787328806864
1049,1713830400,3201.55,0.1663,0.06028,0.167,0.7609,0.008324,0.04997,0.1273165179781265
1050,1713916800,3219.78,0.1569,0.05596,0.1781,0.7479,0.008243,0.04988,0.1182040305729405
1051,1714003200,3139.1,0.1503,0.055,0.1668,0.7082,0.007785,0.04727,0.1219966456684375
1052,1714089600,3155.47,0.1595,0.05526,0.1645,0.6997,0.00792,0.04763,0.1139807213882065
1053,1714176000,3130.07,0.1492,0.05568,0.1641,0.694,0.007637,0.04605,0.1121037960060143
1054,1714262400,3253.23,0.1496,0.05364,0.1786,0.6832,0.007775,0.04549,0.1202713834980878
1055,1714348800,3262.43,0.1493,0.0533,0.178,0.6642,0.007634,0.04558,0.1243522971953054
1056,1714435200,3215.73,0.1472,0.05053,0.1708,0.6824,0.007557,0.04509,0.1181903705557245
1057,1714521600,3011.46,0.1378,0.04551,0.1573,0.6342,0.007137,0.0412,0.1085563606609994
1058,1714608000,2968.82,0.3025,0.04839,0.1615,0.6309,0.007155,0.04207,0.111550773516803
1059,1714694400,2986.41,0.2496,0.04834,0.1746,0.6254,0.007317,0.04298,0.1145125852201941
1060,1714780800,3103.77,0.2203,0.05109,0.1701,0.6631,0.007542,0.04517,0.1190952340836541
1061,1714867200,3117.52,0.3202,0.05482,0.1753,0.6782,0.007576,0.04507,0.1195062807661144
1062,1714953600,3137.09,0.5684,0.06038,0.1803,0.6778,0.007686,0.04633,0.1209245163747573
1063,1715040000,3063.19,0.5394,0.05931,0.1762,0.6834,0.007535,0.04557,0.1266853924923745
1064,1715126400,3005.91,0.5594,0.05683,0.1736,0.6877,0.007395,0.04397,0.1176490407294131
1065,1715212800,2973.31,0.8985,0.05218,0.1698,0.675,0.007314,0.04294,0.1221294073626813
1066,1715299200,3035.93,0.9029,0.05524,0.1751,0.7107,0.007408,0.0445,0.1186389118668329
1067,1715385600,2909.58,0.9084,0.053,0.1676,0.6783,0.00707,0.04219,0.1139668832839359
1068,1715472000,2911.82,0.9169,0.04928,0.1729,0.6802,0.007017,0.04238,0.1157794509738524
1069,1715558400,2927.97,0.7668,0.04826,0.1697,0.6658,0.007027,0.04156,0.1162740560705923
1070,1715644800,2950.16,0.747,0.0543,0.1681,0.6642,0.006933,0.04102,0.1142736836691639
1071,1715731200,2880.64,0.6983,0.04871,0.1651,0.6507,0.006856,0.03958,0.1133911339595906
1072,1715817600,3033.46,0.6792,0.05234,0.1703,0.6996,0.007371,0.04336,0.1171982722158049
1073,1715904000,2945.17,0.6406,0.05048,0.1753,0.7014,0.007363,0.04411,0.1197858410051073
1074,1715990400,3093.44,0.6586,0.04606,0.1811,0.7184,0.007517,0.04546,0.1233504131475568
1075,1716076800,3123.72,0.611,0.04706,0.1772,0.733,0.007434,0.04572,0.1146001056978652
1076,1716163200,3070.68,0.639,0.0463,0.174,0.6994,0.007093,0.04309,0.1209537348201597
1077,1716249600,3661.58,0.5968,0.0483,0.1854,0.7427,0.007836,0.0432,0.129647374444697
1078,1716336000,3789.36,0.5555,0.04518,0.1865,0.7406,0.008526,0.04296,0.1280649461740051
1079,1716422400,3736.33,0.5455,0.044,0.184,0.7225,0.008818,0.04602,0.1322322419767081
1080,1716508800,3781.61,0.5374,0.038,0.1748,0.7062,0.00813,0.04375,0.1224324549954633
1081,1716595200,3727.14,1.325,0.03525,0.168,0.7267,0.008051,0.04392,0.1220846876994206
1082,1716681600,3749.23,1.155,0.03624,0.1799,0.7267,0.008023,0.04459,0.1300622827802391
1083,1716768000,3824.34,1.479,0.03496,0.1714,0.7095,0.007878,0.04387,0.131022727039624
1084,1716854400,3891.26,1.234,0.03615,0.1782,0.7169,0.008172,0.04564,0.1195586842548888
1085,1716940800,3840.39,1.411,0.03412,0.1729,0.6963,0.008103,0.04575,0.1165251827306608
1086,1717027200,3762.22,1.281,0.033,0.171,0.6865,0.007976,0.04365,0.1150269176744979
1087,1717113600,3746.97,1.198,0.03003,0.1701,0.6694,0.007981,0.04273,0.1116454536569802
1088,1717200000,3758.65,1.193,0.03138,0.1707,0.6645,0.007743,0.04349,0.1134606762611301
1089,1717286400,3812.81,1.172,0.032,0.1762,0.6811,0.007664,0.04292,0.1138907857396409
1090,1717372800,3779.06,1.079,0.03008,0.1755,0.666,0.007558,0.04366,0.1129687081827109
1091,1717459200,3766.32,1.124,0.02876,0.1688,0.6514,0.007382,0.04512,0.1108064875490273
1092,1717545600,3810.73,1.059,0.02927,0.1647,0.6704,0.00724,0.04677,0.1126498063409297
1093,1717632000,3866.46,1.718,0.02897,0.1688,0.6797,0.007385,0.04683,0.1171694765593972
1094,1717718400,3812.05,1.742,0.02953,0.166,0.6638,0.007243,0.04538,0.1132648924417428
1095,1717804800,3676.79,1.45,0.02936,0.1571,0.6317,0.006802,0.04003,
