,time_hour,DOGE,ETH,LTC,UNI,LINK,SOL,ARB,XRP,BTC
0,2023-10-22 00:00,-0.9983839169540665,1.2407804521122872,108.10261054219929,3594.40776174549,115585391731.29868,-0.4450605963302692,620.2993069835082,94.22235266230857,2.488480419125057
1,2023-11-12 00:00,-0.9999988389423465,5.647115713348948,1676.0048741060227,0.4876840043176396,121.42365251420247,-0.09878307650323426,1.4942742448623143,7428.332164168379,6.812391842163098
2,2023-11-20 00:00,-0.9948443438178172,5.233399782682637,5.819579951370235,78.43062978105579,4.383017883908656,10.38659772478081,-0.2059040253205191,1.9420082664723193,0.04831509414609325
3,2023-12-04 00:00,-0.35530393057378706,0.6452442438838555,0.45951309071138646,0.3248704424006077,0.12300880991890906,-0.0005737845108139128,0.4418822075458375,0.34956069377112997,3.3742390870443604
4,2023-12-05 00:00,-0.3681174519688486,0.11744030723364762,0.7115031516007926,0.582484275457948,0.06855737078618174,0.29110837761086805,0.2081332959283302,0.39762849871525496,0.08894230012781845
5,2023-12-14 00:00,-0.016900255138868947,0.21091691773014576,-0.08241781569693551,0.40052224318494045,0.23912733106790118,-0.1605254338832084,3.5937836105294467,0.5127778868671904,0.21066754663272502
6,2023-12-15 00:00,0.4298583514149894,0.12342114422301509,0.21026167237150695,0.04955242459878906,0.11481626486595586,0.5262127487731927,-0.18404988078851992,0.2809999340373077,0.8142766334696088
7,2023-12-25 00:00,-0.26406247770386515,0.6803439430524818,1.6989882177618947,-0.1702602979046166,0.2627106136101567,0.20872465005538077,-0.11326912687219226,0.43184966440484907,0.9446193485702179
8,2024-01-05 00:00,-0.3114086630041588,5.2649015782741335,354.4551071805074,0.04812890111675183,-0.20201444275185498,0.38551966110052494,0.08997898455977626,-0.22632403096585685,0.499164174557859
9,2024-01-21 00:00,-0.09063271671264284,-0.0519604324821783,2.7237380824480972,0.7514451673558857,-0.08127028264883229,-0.00451217861427522,0.12770768099359042,0.06597808143223372,0.026499940025528357
10,2024-01-27 00:00,-0.08378714840723556,0.222330086661938,0.5576767107552048,-0.02886157374803089,-1.5160221740417867e-05,0.18339227549002612,0.43445827886868416,0.1311105243104631,1.2384138065701404
11,2024-02-22 00:00,-0.1654663214589135,0.1658146321274494,0.5184720858174652,-0.3970166695215045,0.3199666597078854,0.08188163537089332,0.36597314096522227,0.5052084413854316,0.3659200713429025
12,2024-03-03 00:00,0.2252944678236768,0.3229377542258203,8.661473531773595,0.12712668757353351,0.3016910923725036,0.12285612369936083,0.25906006976392115,0.018653619459177984,0.35122495500109174
13,2024-05-20 00:00,-0.08734132244452375,-0.07814914274001172,-0.1517793871219969,-0.5249706434659731,0.316567240241332,0.008770392700465646,-0.10904123540196553,0.1476144622555402,0.1592686378408259
14,2024-06-08 00:00,-0.16807764701051953,-0.07028798777081613,-0.2491669180347117,-0.1732961281174582,0.10083865400982495,0.35154980736283714,-0.2844786781713916,0.05828437099302608,-0.12263327753896514
15,2023-10-15 00:00,-0.8868367027575875,2.8821150663399253,234.93344327915807,-0.1639872936228729,0.47120407746839144,-0.6515662999397339,25.504763173728865,57.970223183724464,4.687589335293026
16,2023-10-21 00:00,-0.9712167901223505,12.583365039445452,356.5663659285031,214.08588478812987,-0.23662683058051537,-0.4665935669579848,56.05915966480697,30.648724686052613,0.9068740568011755
17,2023-10-30 00:00,-0.9999984083419349,0.18331423327179186,2.205680330663346,2065.003464815113,30.625807191752216,1.1321265041158521,1.9617830005041226,1631.7297119425564,4.1455319574526595
18,2023-11-07 00:00,-0.9994509797762409,0.6130665762923753,19.04574546525029,46.84471830243241,10.019088774502473,-0.15851667988405826,1.0511628170130152,7765991.44413243,5.7229834564120505
19,2023-11-16 00:00,-0.9999464687892581,84.69661709608776,1572.224980097867,7.5814818840234555,46.247300004537244,26506.56684145333,-0.40476015535596477,813.7976342820788,62.827613472947355
20,2023-12-24 00:00,-0.15657112255534256,1.305307196621866,3.078164094310689,0.063991623161882,0.19024389016239662,0.689742750290512,-0.1679751228070927,0.13187814037349588,0.8358056114990222
21,2024-01-02 00:00,-0.8180948748585264,-0.42144769127042503,63.62563712019785,0.5030134095896457,0.9899886719833617,0.4070149864808572,0.7107569124156707,1.4674087568593177,2.634594019303564
22,2024-01-10 00:00,-0.8401580032830982,-0.20153356215720686,13120066.393032817,0.7491545392138577,-0.261921815072773,-0.011926296950536597,0.17340694591937922,3.172183158999898,0.8702172801512644
23,2024-02-02 00:00,-0.254806950082231,-0.15024129523248986,-0.29104660865207876,0.1961431584764708,0.24809216939778955,0.1304144128790259,0.14948379966425862,0.057621078362167344,0.07924932460577172
24,2024-02-19 00:00,-0.1521976726070181,0.011117906483450568,-0.024245709888767175,0.012913884236473105,0.10733597071475054,0.05357453397405809,0.021954806156562645,0.06909220375618896,-0.05728192106627206
25,2024-02-29 00:00,0.08072637729109133,-0.0075650013762984525,-0.05055179289358047,-0.28070280977684403,0.07359429547746599,-0.22630843302492132,1.298968242256934,1.528848240737973,0.2242537669482012
26,2024-03-11 00:00,-0.4271095254583446,0.2625887580488262,4.85917527655161,0.9148378271438029,0.30956404634564905,0.1636991571680202,1.5745185377724624e-08,0.07998385840109101,-0.1671466269507087
27,2024-04-04 00:00,-0.011812216327622416,0.1272678330737067,-0.01611445120387356,-0.23639163059173318,0.5720839355934981,0.03798383935784555,0.1687767789271637,0.08102628486025765,-0.33947591115362574
28,2024-04-09 00:00,0.08085592913918749,0.364286109936967,0.0002585996977235716,-0.03462838785938527,0.03532899594110983,0.2595178168151906,0.03910012473147573,-0.019989114549225695,0.11826560517245421
29,2024-04-16 00:00,0.02223419115991243,1.1915019355719538,0.6477782966658154,25.05906582981057,0.48319991611843593,0.47922223371664985,0.015505166091423606,0.28364220250526273,0.03389111394721467
30,2024-06-06 00:00,-0.05396078794561654,0.3229210225367476,0.47290597403767487,0.46697225533823716,0.13896235538166612,0.1537807753801328,0.007393368413474599,-0.0007157027487175727,0.06478887475365602
31,2024-06-10 00:00,-0.17915488251445455,-0.24847699168118698,0.21150225479063645,0.15893361925672211,0.059520380603173884,-0.061458489279266226,0.4835295831031443,0.12018635131282052,0.009900264601382824
32,2023-08-09 00:00,-0.997810436390601,8.487957955196912,1.1132810720231507e+44,-0.6800680485930409,4.777335556030168,0.9021557706593204,-0.4756650897687127,3.0589629949583606e+28,908.2178805181366
33,2023-08-13 00:00,-0.9999433563110113,116.18867258170349,2.671983625998312e+26,106.66727360150195,3108.6354023349813,0.020295428189920584,11.809998284696736,1.4062075181015095e+21,17.012440353596222
34,2023-08-16 00:00,-0.9953709352499701,0.8471799551523047,252559027848839.47,598490481947.3999,5057.6891725808255,-0.6338487534241336,247.28071772944924,-0.5408342987439044,8.48813731711263
35,2023-09-16 00:00,-0.1436908841122655,0.9940049535880529,97.59417385124347,-0.6458675366000795,6.888127333722621,-0.5475325700253622,5.405374707371906,8.210346421081459,0.459010427111312
36,2023-11-21 00:00,-0.9980008437638653,4.352456065484373,-0.09176876567272474,19.625351671290236,28.132033304025622,21.93084840362609,-0.24084507453106085,0.9542894089128917,192.04222504457474
37,2023-12-22 00:00,-0.41321747219023075,0.1802993335301608,7.490582515417072,0.18574120317045972,0.2925740810714861,0.3001848967432521,1.862172998949934,1.7794912452802087,1.003455365605995
38,2024-02-10 00:00,-0.1554154538706254,0.01028066979954878,0.196085880404973,0.3545007095535866,0.2389460133324841,0.2580190223281422,0.2548995653097017,-0.11075003240075265,0.0028564423080246204
39,2024-02-28 00:00,-0.2920448633226711,0.1324521289927345,0.042508527550081165,-0.08981889443517033,0.07552726640665508,0.05257344352167359,0.1725579443728007,0.17687767583614855,0.9241527387820743
40,2024-03-05 00:00,-0.9394347058329803,0.27830886506597374,8.183783223410801,97043.26574110694,0.4355575757959036,0.3721060293349645,0.34319640733998,0.1266161524426912,0.4766427558429105
41,2024-03-06 00:00,-0.5661841703567825,0.35662397038552407,0.334600245418458,-0.30760031898394724,0.00917252197370666,0.2034797139095006,0.14392842291749708,2.0643056302230756,1.2256527913475819
42,2024-03-12 00:00,-0.8138051279331697,0.24138486343413423,0.05038180790815061,0.8429332615682075,0.18233442314044646,0.22477018004288185,0.23923706939498834,1.2086067562136344,1.121232338146731
43,2024-03-14 00:00,-0.06530616539992407,0.2747989541563536,34.566440752013335,3.5463894250637997,0.2140944056197962,0.6503348833312794,0.06117305934167261,1.202665674046965,0.5369700983789154
44,2024-03-20 00:00,-0.38818380818608256,0.2070964894702534,0.25667716435907373,0.0021008777542956825,-0.0035313526721725275,0.004787326111702184,-0.013290022167620541,0.5847069756675003,-0.336312978758494
45,2024-04-01 00:00,-0.17596716009004454,0.10856071353129071,0.6588482651322947,0.9924168589756253,-0.1840787013188825,0.04317317770110529,0.22574478480440696,0.03365093289940657,-0.031515641811190265
46,2024-05-07 00:00,-0.08052562305423971,-0.10196950652120018,0.5382743219385924,-0.571356813844645,0.28542778925377843,-0.17266679910338412,-0.058145794113264704,0.042262042015478896,0.34988389202574455
47,2024-05-10 00:00,-0.24713349318907507,0.31632387779239224,0.1527320734884683,-0.2422643353259747,0.05200403960898603,0.11298751094347503,-0.1255304356098782,-0.10680739079668056,0.8066003341578565
48,2024-05-11 00:00,-0.05688410395807886,0.23038526108634816,0.15128274887683868,0.44267678944631594,0.05564542835957531,-0.16157522246399914,-0.12561272477038443,-0.007341183172352994,1.1985731134934259
49,2024-05-14 00:00,-0.03081961851129056,0.3887142894305211,-0.22797658536036947,0.3569507352506145,0.4136691935132404,0.29523743999907515,0.6804520697368739,0.020130366953152734,-0.0912785019826271
50,2024-05-30 00:00,-0.17141867593696147,0.2268143630735946,-0.12295049763434118,2.420616328988527,0.026898684491138747,0.00663334335856125,0.17979802008494472,0.18454861572411274,1.1308764867435546
51,2024-05-31 00:00,-0.0012086939305638866,0.22883200012516958,-0.2844405473856423,-0.27893980797629403,0.21207548688689526,0.1082952007702076,0.09841185045643086,0.011943402989248009,-0.09860574085688245
52,2024-06-09 00:00,-0.2839704140384185,0.2962985346093556,-0.4031823644802426,0.28616045447148286,0.20479987366434727,0.16693235467366518,-0.06611956426213073,0.10947227492845202,0.04744351446957351
53,2023-08-07 00:00,-0.9999999999999983,22.130355853902678,1543.1209860232102,1.909024226078492,-0.5435529797552506,0.6420552507202202,49.20134818539388,9.416669194918429e+16,23.32495126708843
54,2023-08-15 00:00,-0.9377825084795958,18.579993959527446,8315772382873.989,8320015.533332248,1.10017025365208,-0.02122015006657929,362.78669136045966,6.497637890085653e+22,575.9507521268257
55,2023-09-02 00:00,-0.8456785522312196,5.467723079101731,8.902970039086764,0.09976553423901557,60.12824492450251,-0.4880004245630021,1.7089477244536542,0.0378680921854011,-0.09329504555912416
56,2023-09-07 00:00,-0.8983767018153803,-0.13491450204844424,96.8934349904867,15.745926934823324,9.705469960073849,-0.5719002109042557,1.5997255588479544,-0.18104267962688614,0.2216234275269997
57,2023-09-11 00:00,1.735824432739482,1.096515782896795,-0.19728224778236825,-0.6516394033845554,9.581098879806165,-0.5628815825751822,8.699708397553325,5.060122899950412,2.5745650441590735
58,2023-09-23 00:00,-0.9408664316325672,0.4127381167827473,1507.3490443501573,-0.192075805233616,-0.5549179941523417,-0.6660294130705362,4.5816805852794475,64.33545477072286,0.4715356006713656
59,2023-11-04 00:00,-0.9722341408801007,0.224169128726027,380.6640243896239,33.14523969590641,45.203696213020045,16.488335162269088,14.99658648132699,57.45277376156384,-0.09830303491060766
60,2023-11-08 00:00,-0.9999104422751222,0.04654980875240389,147802367.02931324,840.3829513570662,846.7303853322176,2.0594554440722472,4.704493599585346,2031418.453034822,27.011129215491778
61,2023-11-09 00:00,-0.999985450739339,0.2897246940841782,1981.048788936154,1295.2644275871614,16321.772969576454,5.364778831067763,14.125505559162358,13644464.441237671,14320.704660931724
62,2023-11-23 00:00,-0.5565105029121353,0.6047299011149554,-0.6199536228527004,-0.495887392060679,0.3695510121250467,0.010443791807389413,0.41584134995734523,0.9331619493221683,1.5515381841271103
63,2023-12-02 00:00,-0.12502059622105488,-0.134404659172203,-0.15199496354188868,0.25396775891269385,-0.004175926630073268,-0.17272121198946,-0.00714146361892154,1.2213068247035355,0.704518147926114
64,2024-01-24 00:00,-0.032932558640434206,-0.16719021537015788,-0.21743531209835965,0.010726394600912847,-0.0010017362053795775,0.046469162531010966,0.31467046664617526,-0.016523416369305877,-0.20542893293380893
65,2024-02-08 00:00,-0.22905565529796512,-0.0814156937628141,-0.5261945705328921,0.1742416921866341,0.31388548778726144,0.0003462654650052688,0.374326378323913,0.01818135390680964,0.4296680468648333
66,2024-03-02 00:00,-0.2355486460706545,0.2786156259160619,-0.29427515869190013,-0.5121419789948385,0.11235778671188035,0.21390412446288565,0.5606318203517837,0.47996747502708814,0.34988368004101056
67,2024-03-18 00:00,-0.1288809854382824,0.11473031249438037,2.6138051700768354,0.4806265494690922,0.16133164631566177,-0.2688633810306402,0.16709335050487795,0.19752880491410352,-0.012605471529871792
68,2024-03-27 00:00,-0.012615388394638605,-0.030860931653414747,-0.6409490209703159,-0.018917802848559928,0.6094637062294359,0.3462560050809733,0.01911738663234286,0.19152487391735606,0.31514644619299026
69,2024-04-02 00:00,-0.06066292301339948,0.12635295789039724,0.3299415120246736,0.5274685715404492,-0.1761453756393424,0.04864949394711182,0.1473596917011406,0.019952350995271484,0.11823703879084824
70,2024-04-17 00:00,-0.2644177397298123,0.33819484634539365,0.6771984733927305,1.633327102954532,0.48511865783428076,0.0953731286537367,-0.06456046151413719,0.012292428603803307,0.19342691198758466
71,2024-04-19 00:00,0.0847494350479947,-0.01604874971223491,0.660702278174466,-0.43730158871829716,-0.256087732002518,0.16706061280400486,-0.33281996347128506,0.1658014317469565,0.047318906679316264
72,2024-04-20 00:00,0.13848222211568628,0.06035042070973562,0.140454465855681,7.742504432581619,0.10562124822875862,0.05192265357684045,-0.19181696980477048,0.012289195703998335,0.18801232485863517
73,2024-04-29 00:00,-0.11564127011135072,0.6517074384293553,0.04945282298170439,0.10864278861571619,0.1594074501460867,0.32705401902703457,0.25161937524816946,0.278103840777588,0.30956630206541
74,2024-05-09 00:00,-0.1936988361183971,0.37968854286006315,0.7868532482902224,0.07717452503015965,0.1803654330965878,-0.32777371589292414,0.15566584756794932,0.07417683421812504,-0.1962165980736703
75,2024-05-24 00:00,-0.20891118104269535,0.13331700869845342,0.0639482417445092,-0.006184178829250042,0.20134983202778023,0.2962286436589685,0.1597173000226184,0.004332418344215716,0.1266336851364933
76,2023-08-04 00:00,-1.0,50.81067414799931,33.67246311175207,-0.34934267624107007,798450.8059929695,18.801371225612307,26811.21601099471,2.783882206273613e+16,107.89505512206449
77,2023-08-23 00:00,-0.878683719690649,0.8235088037727056,5.271523390069585,-0.16427534804147526,17.72670670068919,-0.29483574375613175,59.30594086452406,321.4539320683655,1.2225680480128776
78,2023-09-04 00:00,-0.7451786263097873,5.918646442765758,24909.96699918714,18.622208043710433,60.28864757631252,-0.5176903671942991,3.161854926431616,7.472890039835757,8.378374611384636
79,2023-09-24 00:00,-0.3272198195281958,0.8062161089673285,14.288078421746016,-0.5009532433445709,-0.4852504201289215,-0.6540773762485538,12.256696110194568,8.170364177289846,2.7204524917971593
80,2023-09-30 00:00,-0.7419481144586859,1.0440332660694436,11481.578846042352,-0.6366054630708675,0.10457615770087436,-0.6343167806112026,51.10541724978087,44143.70856472471,-0.46316465840656984
81,2023-10-03 00:00,-0.938347331263418,2.4761622469276023,12.257221419886072,454.5637683643958,4.612016414454625,-0.6916987027523588,1.0263412268430137,69.45437313929027,1.4702605969283065
82,2023-10-13 00:00,-0.9459781282289721,1.7228242949146173,66.2504372130662,0.06553606698898728,0.17862101571379285,-0.6618544327973063,11.06304183264228,4.309245325271718,4.971334375855321
83,2023-10-16 00:00,-0.871789264482915,14.49106247749987,1.7435778137649707,-0.6765310706588192,0.1062067571561951,-0.6232535819708285,15.10471957164405,586.6544348582063,3.1550759428331485
84,2023-10-18 00:00,-0.8095151211705771,0.9311219836492293,33.56488127367705,-0.5857952248805816,0.37675218552215917,-0.6875068362754502,1.62720100012019,8.878073678497762,4.479416969069668
85,2023-10-19 00:00,0.4590051406117577,5.387138687291104,3.4068310111254423,-0.5190757386412745,0.30894642258456106,-0.11266218611635426,18.800798014475763,54.61309607033079,1.8320740370571054
86,2023-11-01 00:00,-0.9971115843211948,0.3899706001997545,46109.65009666681,0.550270358000664,-0.14196333464635935,-0.03893257764198077,0.011563291357732597,13710.09708179363,0.12993692702647341
87,2023-11-15 00:00,-0.9999988585789044,572.7458514796955,-0.27668729106698253,8.337064691799702,79.21239330294718,4.076549282377616,-0.07146356835329948,97.4603918772923,107.87004252628627
88,2023-12-10 00:00,-0.0914056452619264,0.16334919915804802,-0.2528485805059938,0.046065493351415965,0.09037306636201947,0.12608781347605746,-0.005915613564464572,0.45811682224682704,0.4883934326699175
89,2023-12-30 00:00,-0.005185141450703257,2.2236174547333416,1.996053286572344,0.3680665288117777,0.4769156247390858,0.22142998534490044,0.1157432034281809,0.02620131849081364,0.8992002134371229
90,2024-03-10 00:00,-0.16553643968661325,0.12130610093778138,3.5073746998890183,0.6879074277093535,-0.07106551886604906,-0.008563873312885883,-0.04116484657722619,0.5845263022787641,1.5275451567746652
91,2024-03-28 00:00,-0.014691168666943422,-0.012380601611099884,0.9911041773382032,-0.05534706664420719,-0.06287484378967301,0.24715971429251327,0.40599220073147535,0.0031745170945978174,-0.02597490946822023
92,2024-04-05 00:00,0.02465349665312333,0.022093948547971864,0.12434984967711049,0.09075451009458124,0.20753842271896183,0.007834979437686851,0.0020035160350799774,0.051926496909743936,0.08225327049564224
93,2024-04-24 00:00,-0.17024620981389216,0.6201683331632031,0.5461455691599417,3.386008484583747,0.38202773001828305,0.45373696231349947,1.7035876767557196,-0.010249663142022025,0.29167365375494914
94,2024-05-02 00:00,0.19873378715766932,0.1722208340957514,-0.15107947392172194,0.025896976052903975,0.2042400307777803,0.0068388850130187695,-0.2072899641147412,0.15848015275547378,0.03279105967521767
95,2024-05-12 00:00,-0.0736510769555373,0.320807122998475,-0.030104702100941405,-0.466800487633078,0.04314971340234375,0.06293026819172787,0.038138535027054,-0.01841961659594704,0.4324653288115132
96,2024-05-18 00:00,-0.1089071915232539,0.5477780892454867,-0.22382165384918795,1.4649478477926001,0.012233451011833818,0.5241807251911639,0.31766901163511685,0.11343031864994968,-0.011861258889744541
97,2024-06-05 00:00,-0.0714069881292847,0.7405606924295824,4.110173335293814,-0.2041922550343075,0.35965498529580553,0.1257611950397488,0.07227533450251156,0.9126780673406074,0.17715981936346137
98,2023-10-06 00:00,-0.9030688600982543,1.2752815747624195,24.19162541291379,7.978920403470044,26.50057099109198,-0.544083182749908,49.80315292510146,366.86146184856165,4.4603930771449765
99,2023-10-29 00:00,-0.9999654450562535,0.08137719505571339,90.89932610098691,2273.002264727677,37.95612925292139,0.6527202224867028,9.054751891667639,871.7467512413746,8.912942402307397
100,2023-11-13 00:00,-0.999989656765473,3.7812862824012052,79.93654472026607,145.27983603589948,4869.607790948631,76.5270898377477,0.43954692480040425,11525268.82801472,3.84047643946312
101,2023-11-19 00:00,-0.9999411886017818,10.886887493890312,1133.20090801256,4.308255435662832,7.3106716368896265,11.282184979277023,0.8750271401043339,43.29810585536308,-0.6562059564518714
102,2023-12-08 00:00,0.006430653283991505,1.468599558352178,0.24555741790992291,-0.053834792263299236,0.016447060757362353,0.018039262035920878,-0.06585266454660443,0.09842828368038314,0.11615320296628262
103,2024-02-15 00:00,-0.12376805227308141,0.010966005036636917,0.9071739440576383,0.28585031428146723,0.02614170295518914,0.23407367780839317,0.04954642329553849,0.10843699524566008,-0.3314959713403117
104,2024-03-01 00:00,0.6681443012265371,0.3194698522949413,0.7110057730299093,0.014119519263988023,0.18060146910233454,0.20162035398444123,1.0810199067298503,0.17014220013463577,0.5702436423533754
105,2024-03-13 00:00,-0.48315275425133797,0.1918896346858301,15.346697867075253,0.3844090278155199,0.553888213708635,0.1647973953024977,0.16590771218937683,1.177470375764317,0.19960476514281056
106,2024-03-25 00:00,-0.08904708760949953,0.23227301964803004,1.7091582043334448,0.18444103234107545,-0.06589670440168616,0.09716960211157266,0.4190271680304938,0.1305995411678973,-0.27214579530947414
107,2024-03-29 00:00,-0.28207419699954783,0.20896949078057614,5.4253566091993015,-0.09238547639259997,0.23346380516934118,0.6159516790338022,0.06039794505720386,0.051344052593350176,-0.04467840623115027
108,2024-04-10 00:00,0.09273068101920101,0.054097491156176236,6.9709899463976654e-06,-0.5085830903315531,0.7470825594002004,0.11324240977313083,0.1978270058022189,0.0028398449307709406,0.8247419973275558
109,2024-05-01 00:00,0.09467207948120016,-0.11190387003220137,0.20261272810609254,0.6283014874030834,0.156476542148416,0.4358355599559418,0.12794602698765978,0.0958743260179582,-0.21929061240496328
110,2024-05-05 00:00,-0.26084421434089633,0.09996432717090786,-0.2879025054131923,0.013243726621700702,1.1151035753442784e-05,-0.014183781861153766,-0.09790868763045857,0.00563405910876269,0.19327122516393702
111,2024-05-19 00:00,-0.0091698788930753,-0.23426795348408747,0.05612056986951197,-0.12690282176559187,0.01862510972921072,0.02088416144194949,0.134962817766902,0.2720588001246529,0.0015191429936212142
112,2023-08-22 00:00,2.161238151070245,0.7560848268010014,38.99576511611295,-0.6467347710557696,27.506793341580078,-0.687255477389527,0.05923602008516671,-0.351147134600891,7.733602066596818
113,2023-09-03 00:00,-0.8578548356711242,0.6279247477641829,356.7192074192223,3.8229358978791863,14.480287170010396,-0.5155572058848052,9.274506872042297,-0.2552397523494392,-0.25691996783595916
114,2023-09-15 00:00,-0.13543961243075597,-0.16710587702931134,-0.21592696028714564,-0.6232018728778081,7.065786467722866,-0.5416742711735701,4.354704601286789,20.049001985059757,0.029203347087459308
115,2023-09-26 00:00,-0.8998275882116404,0.03352474917981718,20.72824786152302,71.78211659587535,0.8409870228333083,-0.692871980557381,9.59539813235244,4.448467029676533,0.3293812591653844
116,2023-11-05 00:00,-0.987226539697915,0.23534407057537776,20.21623482054036,17.017032667446607,4.97955216321992,-0.2395313857007655,1.345913003214838,34984.83222354913,53.60464796751066
117,2023-12-06 00:00,-0.10997092722794588,2.5420895121007314,0.08705202566450554,0.4366926721975426,0.08840376066544953,0.2563502320016704,0.1134380231162202,0.19991912701568681,2.6400133311463967
118,2024-01-14 00:00,-0.007266294307964549,-0.13616148989847476,-0.3277171912937926,-0.1684144923276174,0.05973904954818354,0.1868906082484474,0.47062776505341475,0.0374725385874326,-0.43674135596600117
119,2024-01-18 00:00,0.6401116291807409,-0.28603604455857723,-0.03166958658890595,-0.16884933462321194,-0.25254747762932883,0.02486977185864303,-0.19100589303837012,0.1954624614357232,-0.3522707553260016
120,2024-01-19 00:00,-0.4740317249532926,-0.2267161550687251,9.469064107646973,1.7646824519965234,-0.4547794432116816,-0.17270336375172535,-0.06527262006047063,0.30824378682226805,1.1854211014341347
121,2024-01-22 00:00,-0.2280415780461572,-0.22345945277325485,0.6246626970369868,-0.02240805218080144,0.19133646201312104,-0.08236178521908022,0.30328463146954876,0.19852383235739768,-0.064712941365353
122,2024-02-25 00:00,-0.17322446214950638,0.3420762741031316,-0.6031252149131348,-0.6335611942069235,0.05352368100709959,0.05330171294867703,0.18171997898990755,0.15550239980233083,0.31974063539926534
123,2024-03-08 00:00,-0.5012293224611142,-0.3824139249178886,5.5037688668850775,0.8737665962067354,0.17840227754563887,0.4191245887013948,0.11410516989640973,0.5010095061547597,-0.07539363990740389
124,2024-03-22 00:00,-0.33546531293701565,0.0007091106143053416,0.3092292481669263,0.0012314390266259245,0.25427465927274095,0.11302239210057752,0.039950576878347244,0.16896622144356233,1.019244681185178
125,2024-04-15 00:00,0.3207966941141438,-0.06196302583474189,0.027852913830453074,0.8017001873592695,0.018353059821782702,-0.004744488094847288,-0.108681957132446,0.0032239044855293386,-0.2912173175368432
126,2024-04-18 00:00,0.020419259165100456,0.015650154813106276,0.6311405521851139,1.4169801287405228,0.4919821449339088,0.38384865947243174,0.0030776624252970564,0.04219983056280374,0.033068855342918146
127,2024-04-28 00:00,0.03951310791599938,-0.07100857360554902,0.1504355569148601,0.2795323546594024,3.376501133045551e-05,0.14738247639460256,0.20320844715294895,0.22873899449810375,0.2740131774449721
128,2023-08-05 00:00,-0.9999990308228464,24.488236021849712,170.90174960976728,20.772373178181848,-0.6830705430978516,1.3414899735054067,0.16660207376673997,148.42388067109817,0.5410636729398337
129,2023-08-08 00:00,-0.9999999991885923,10.887575652549536,4.0839521752634984e+27,-0.6309868202546455,31.04328938691024,-0.32524570944699993,26.575080024848234,1.9434284771237904e+17,3.3371647787321947
130,2023-09-08 00:00,-0.8545659844790672,0.7242064858835018,20.922206636672154,12.67192364084714,9.597883892687646,-0.5774839504652531,-0.5698108587772956,-0.6751388610593232,0.3518552614729362
131,2023-09-13 00:00,0.6430015399819307,4.7090930122192844,7.990106764988811,-0.6807474879843161,9.577559561454777,-0.5604616804178943,4.217450876884379,-0.2294515955266293,10.725483223097262
132,2023-09-19 00:00,-0.9022691647597866,0.4917082639452415,19.205187775919335,-0.4835821200604612,1.0479490814904997,-0.5511392885070134,4.999616371803579,4305299.05213118,1.561643082510678
133,2023-11-06 00:00,-0.993977333249495,0.4028978275084436,2270.331646669948,24.74262059510732,2.1953029931792294,0.03091995713726825,1.3682557573353349,2269.4026592109167,11.677932482194345
134,2023-11-18 00:00,-0.9983923623300645,3.2693160607086362,26.65968459076122,40.355095796707026,25.98345264386879,44.07120324155539,-0.12543221839442953,235.60701953958707,40.65084330437493
135,2023-11-28 00:00,-0.8771904980865474,0.092851564950166,-0.41007502378042304,0.4656211270920836,-0.07699488949984146,0.17481128534960244,0.17894348865889032,0.1064287223747793,1.7525819224092838
136,2023-12-26 00:00,-0.13382712190896762,0.25536333179465065,0.05838707198264492,0.5060500273316182,-0.23345978802613787,0.0010810575307715897,0.5286651236705302,0.8389095870006629,1.0590503740619317
137,2023-12-29 00:00,-0.5179199773094184,6.71447857821938,19.885384568625277,0.5045978675407958,1.8971389054875156,0.26130045567187365,0.5285956211476217,1.2589923489052914,1.2216851345144462
138,2024-01-03 00:00,-0.927326571201377,2.8939277216464627,-0.6750622028884952,0.45563389596434,1.2853987488713754,0.1654015715205832,0.5975561050692817,1.0141515970786639,5.445786893826851
139,2024-01-11 00:00,-0.2667263356239943,0.8266978003611403,0.26534832546022136,0.03246033216940525,0.384043837901459,0.028266148262947377,-0.1237723335196037,-0.2045908174496741,0.8768617600498532
140,2024-01-20 00:00,-0.9035432344749759,0.23361726921488923,-0.17629646197992632,-0.20662632665637937,-0.012170752461948542,0.01644043079709845,0.5538223766475279,0.4746515474570132,1.0319688662196826
141,2024-02-13 00:00,-0.020203214482753862,0.21496905800716304,0.6079562627028452,0.03348483132702351,0.517043052862576,0.2860964870759972,0.35466847408555835,0.09762680232547649,-0.05827577512587179
142,2024-02-14 00:00,-0.5390908498410949,0.14225231968487329,0.7951457473888917,-0.22146077936712782,0.18753639047312576,0.2989478027763648,0.1864207363001409,1.6131842900851225,0.8575310237140015
143,2024-04-08 00:00,-0.07687976900113092,0.04199832690772087,0.0002585996977235716,0.020334156568066142,0.30278244674138377,0.20536110059577473,0.05887967334531763,0.37266856805497395,-0.13801049002052845
144,2024-04-12 00:00,-0.040457922135983426,0.22662294771776814,0.2587528320901886,-0.2658207012478475,0.0942480644675392,-0.13927187951667008,-0.13353621264016313,-0.007553922922987399,0.3754389069850044
145,2024-05-26 00:00,-0.13104529418608313,0.2315995526018757,-0.0645232508251321,1.1927026032512051,0.9596729443114489,0.2687645441471922,0.5219158908340469,0.1929341499875068,0.9465790384063975
146,2024-06-01 00:00,-0.008024947799831761,-0.04030625979096625,-0.28356705737906085,4.05783713733532,0.15680941559687867,0.002183129482698609,0.00011444764041956823,0.08173026953968776,0.26843627696734895
147,2023-08-06 00:00,-0.9999999999999886,19.93336380172772,170.90174960976728,456.5843875688439,267.150633652773,-0.6937395965927582,26.440054600238692,2298267271.4589396,3.08774396917073
148,2023-08-14 00:00,-0.999999756109749,24.373137721293915,13003650787839.86,-0.3272167338821612,3.230757006148438,-0.4886691935171764,111.74861478566636,4.6255362591639655e+22,51.47462084584515
149,2023-08-25 00:00,0.504493277364719,-0.12975723884476997,0.5986974206454985,148.7042617321161,68.95094397411114,-0.5368306189938893,1.8709355881541256,-0.6938829697559605,-0.07121263084742568
150,2023-08-28 00:00,1.8106664207325278,3.7474104240367057,1.1433316805269587,2.574337502070011,0.709591053842985,-0.6307716175154374,2.2263148752457287,0.21411381498975235,1.9281103643874138
151,2023-09-12 00:00,1.4157386270947843,0.038409933861814904,13.269269128408824,0.9466100446633308,11.076843440506837,-0.495064184078987,0.6869589350973841,-0.11225888884854984,1.4407363332933283
152,2023-10-01 00:00,-0.9219158869443281,1.373152664237058,24970.491393531527,-0.6327989285635662,16.487903476479637,-0.6879820988106444,5.944789447344471,227266.61597062903,1.9305435081129416
153,2023-10-08 00:00,-0.9186934339010799,1.588803008607138,71.26978714408253,3.7695108530458024,50.6198425630277,-0.6588234813964542,17.517737768586038,416.0195861213252,-0.18272822881441908
154,2023-11-11 00:00,-0.9999963486051996,4.772844368758394,295076.73420395656,1177.8990920805115,9.29321478913045,262.55808312167824,2.5856216806875856,37785.06301715065,23.020995241160982
155,2023-11-29 00:00,0.07936031509197305,0.37473232841137905,-0.0526727138428662,-0.16886518553268226,0.2694809946897678,0.8455063376479277,0.10637985216243884,0.6987439693646644,0.21030853094366142
156,2024-01-31 00:00,0.6030164440696797,0.4110913883772358,-0.6182533078001358,-0.056300409129567575,0.2635805932512547,0.0012279676963928843,0.8590041883234107,0.5721223027228812,-0.08841778715739235
157,2024-02-20 00:00,-0.22729617149994708,-0.06337417400593393,0.6017098585991054,0.09155629886637962,0.1537618834395349,0.2855554304975463,0.16792732665184995,0.3832469079939913,-0.3120675053949169
158,2024-04-26 00:00,-0.04023335614537371,0.146754627856172,0.36637566173761416,1.5818373191365511,0.35538460885375933,0.250529200419463,0.2018170777085071,0.023782509983190536,-0.09121435189010219
159,2024-05-08 00:00,-0.19738409105266996,-0.051068905517270835,0.25620576527026984,-0.22584011718663688,0.00945426458659493,0.20281476534717924,0.16487434553873936,-0.0016227733369680308,-0.32186370349186033
160,2024-06-07 00:00,-0.33397800405361844,-0.06636056730634998,0.16389102201077677,0.1990230798791044,0.25593227736003343,0.21016096016752428,0.17471169369478368,0.025441185156502844,1.1062954409096286
161,2024-06-11 00:00,-0.21157698053146967,-0.20275362861347068,0.07158311848451726,-0.014372205137696437,-0.06785391449326961,0.5190126336487131,0.16847712064970688,0.15224959534094196,0.32217403471264894
162,2023-08-10 00:00,-0.9999998824501702,9.782220841486744,5.893197098006164e+27,-0.6179663431181097,5.36152250196916,-0.674474056219039,18.431762738301384,4.993548868188104e+46,27.31853658946491
163,2023-09-01 00:00,-0.367371537150476,10.671886439671884,3507.8878912624737,4.716592765293423,721.1925218292996,-0.6020256502975592,2.0115944036394695,-0.4722651940046386,3.7270185770114335
164,2023-09-09 00:00,-0.7234616446247122,0.25188143788395956,25.20079447359432,9.02248682413995,9.88068378523883,-0.5638824901428492,-0.37706251027457116,-0.6325019963539902,-0.0064045807602419735
165,2023-09-28 00:00,-0.9764083438024215,-0.1594953613400386,18511.150133119332,-0.6804799476406045,428.073086102229,-0.6079673335562532,-0.17813762466965,369.05347215050006,-0.47311074474695713
166,2023-10-25 00:00,-0.9997209168008138,210.84495851486668,23602.712221382648,1709304.0960795933,31.7516593807254,0.6505640752509829,33.82926889581427,332.20839113095553,19.715004510806292
167,2023-10-28 00:00,-0.9999596876795328,3.137132061080923,289.3204313674247,9983.572786430148,102.45083769421004,0.8425903195480227,127.25849301287485,510.3012734275289,5.727774296575806
168,2023-11-27 00:00,-0.5322276607262867,0.3185776929697828,0.7703606636602505,0.8041814527469351,0.7674358562370727,-0.14205593489487345,0.437767885099946,0.9967482830132313,1.3852873558554046
169,2023-12-13 00:00,-0.35967051259477534,0.16617745816589302,0.3828584725390993,0.10575348143480023,0.10987026206475958,-0.0029826826458823064,0.0012500575363514344,0.26346091744714606,0.16202904157345288
170,2023-12-16 00:00,-0.040978656939232305,-0.19054849627805037,0.5756521593613484,0.08939338270227615,0.05190671103656408,0.07522522813181753,-0.03424211650195974,-0.1442240842764798,0.4978869993752437
171,2024-01-12 00:00,0.6385380987349243,0.9015759524239284,0.8032968898824928,0.2777635090545856,-0.00010045930170776707,0.09845306966190992,0.5149346830911925,0.5011320997029545,-0.13168021973561528
172,2024-01-13 00:00,-0.12646516913056005,0.14159272488862107,0.19730139697417992,0.04093485026148036,0.39352873803022725,0.14277521195353726,0.3942910634040335,-0.3314655513381448,-0.1063272091679126
173,2024-02-23 00:00,-0.7031019954033092,0.12129786695645661,-0.13620775732076118,0.9491234918050324,0.32559056623492855,0.21595429082421536,0.2484828556812757,0.3101639885859917,-0.03609653913105526
174,2024-04-06 00:00,-0.09264459877292786,-0.011161844107017926,0.1077946389123845,0.12903301423972424,0.4659744970971298,0.08053084117090603,0.06272856771424395,0.05138138393585101,-0.10394512080865215
175,2024-04-14 00:00,0.4681349925992173,-0.18685358241592243,0.7771335575113594,1.3778069899604977,-0.1375423892259664,0.4296069418296802,0.07874669440446924,-0.08933618777247421,-0.30936571044168604
176,2024-04-27 00:00,-0.26541713931600697,0.0034622573979399274,0.12247345351346084,0.2726619024175181,0.27668760211053667,0.2713926988332389,0.7379728921011368,0.04967298902706152,0.5759165499955696
177,2024-05-25 00:00,-0.05579785571032858,-0.041458817278924864,0.7164715643697819,0.008488116180896288,0.16878191816124777,0.34087918937074235,0.050095366863174506,0.15051229248660491,0.1000921333908602
178,2024-05-27 00:00,-0.23617517414873312,0.7891058509185089,-0.03573241148126438,-0.18379167811169494,0.08807064605574721,0.23303318845623444,0.014531042837737651,0.4109520924967762,0.011799260249180321
179,2023-08-20 00:00,-0.9152110166454885,11.208387737966936,0.9256749756442928,1.3077661195722117,12.502926623923173,-0.6944176715469437,38.543308340419316,6.830841668168819,10.595973618198101
180,2023-08-24 00:00,-0.23178344195953182,1.142388606631842,0.9291598500779805,1.8035002009219605,8.989565099888013,-0.6795520327478555,1.2384546002459476,12.114512322157912,0.5023642871286162
181,2023-08-26 00:00,1.5956732670236575,-0.16761866849907991,0.5129825994509176,-0.6943899442756722,45.36954067412418,-0.5990417178554918,1.522447155964488,-0.683785148354265,0.8333396834498525
182,2023-08-30 00:00,0.2848285016105121,0.6302179162047923,37.58329889131137,58.87995907571179,5.227316898145026,-0.6491771946165709,0.9266549669949338,7.5505022076931905,0.0046203748865087935
183,2023-09-10 00:00,1.9673741540841454,-0.06797974507746474,1.443200637304849,1.7309458650414906,12.52973467462131,-0.35402385843308914,1.912553148962521,-0.5564461503197196,-0.006965602248779956
184,2023-09-17 00:00,-0.18959836551575837,2.3067900648101745,431.42386609596747,-0.2697126304890054,6.744362353388403,-0.632922963278882,4.301813364482565,2534.496754923101,1.8540143709874202
185,2023-09-21 00:00,-0.9185190324093292,2.121227440698839,85.18639966207596,0.8334080522754812,2.807557295755245,-0.6086193991880535,-0.18017271164999105,2684709717157210.0,1.1734943517160659
186,2023-10-17 00:00,-0.971201623209651,3.9546146497175707,1.094941040791091,-0.6876245941288313,0.4482094394398055,-0.6788645688945709,17.646740876251595,0.7300187041770432,0.10845811858010745
187,2023-11-02 00:00,-0.9830857925962718,0.11021148597497965,92.61842907491167,-0.45495645192893497,66.3013988933448,-0.23880889000358496,1.6453264178405855,26.012327974749862,-0.11166815156517518
188,2023-11-10 00:00,-0.9999957975596275,2.1189931330051146,27458.102402544475,129.16110838944678,429.475799039004,-0.23673266263773374,4.447138068305552,7397821162.136863,440.92557425414526
189,2023-11-25 00:00,-0.16883742635968202,0.29971359834993505,-0.38519098856373724,0.4200090424490248,0.12464226571023906,-0.07541952924048123,0.11895734576850714,0.3958736438793966,0.8818962810484887
190,2023-11-26 00:00,-0.027255219360108884,1.012559168658059,1.0195687035749654,-0.21996949869601168,-0.15394794169649517,0.11770593681254371,0.9805761092998111,0.035767751766064615,1.8440981306453703
191,2023-12-07 00:00,-0.3546651565145087,0.2941318150471455,0.9831070605915448,0.7842381137087246,0.1690980532075752,-0.11108760095878933,-0.2331951223450992,0.4592613810341992,2.9034448871866547
192,2023-12-18 00:00,-0.526491697612244,0.43775661941927524,16.362860903987773,0.7852082831286513,0.599559256368871,1.2672828458920438,0.04291517965344016,0.25088465314899544,0.7796918754394877
193,2023-12-20 00:00,-0.08946417707640608,1.7806690708706583,-0.44596168197241026,0.0014784280261375127,-0.06058525397027503,-0.2303024912875148,-0.038893265108235764,0.004875068798189552,0.506245297602608
194,2023-12-28 00:00,-0.41717269124236356,12.794585300494486,1.858921651491913,0.4002213080498942,1.573129122334345,0.2254943663506741,0.3588677487444576,2.5446486870598997,2.6232757528761597
195,2024-01-08 00:00,-0.14328824263001394,0.8948382839741675,1.9713416340029402,-0.09434932001255791,0.8061198698949188,-0.03216825629383668,0.09732085280686298,-0.05601678993187287,0.29839257308312783
196,2024-02-06 00:00,-0.05231068842994269,-0.20365234274561894,-0.029952680057222736,-0.01014951568484146,0.11586166656792263,0.05612043464203298,-0.01375565175613247,0.019187233833784845,0.05871587775606124
197,2024-02-24 00:00,-0.29489248167571214,0.009880102455163797,-0.3101197111848605,0.5440771450952311,0.025865863010066326,0.24911766828259263,0.23896941367590552,0.46046618047974364,0.6214052183850891
198,2024-02-26 00:00,-0.5206627894930849,-0.03899284464785846,137.79152641770852,0.25088533585499984,0.017297235752461004,0.2502525728416254,0.06884591213216473,0.07396060485209377,1.461043820490763
199,2024-05-03 00:00,-0.05721655538668702,0.11370577035635532,0.16945055491944183,0.0597400239258119,-0.059723248133975226,-0.24040225848031893,-0.08489504006997972,0.5073476136961939,0.08764448334876795
200,2024-05-15 00:00,-0.13180828856351445,-0.005443411166704992,0.23563500654953273,0.19324971497714283,0.24694754765609583,-0.08690655925264856,0.012174345557817823,0.021402216902489002,-0.44670043306609064
201,2024-05-22 00:00,-0.04130723180214402,0.9442372896031859,-0.15819442008538276,3.146628730205782,0.3035628401043666,0.5625528731217009,0.00011974596623787193,0.0377348212871611,0.4903860444116881
202,2024-05-28 00:00,-0.05466696575376462,0.011948600254812813,0.24071388255668058,2.425283462446781,0.3552537713941213,0.2363990941743963,0.01065953153177368,0.5267493885863959,2.1588389022628265
203,2024-06-04 00:00,-0.270514852892074,0.4205355070179875,-0.13538539585567078,0.09857741176231372,0.19619302793013338,0.22581760674606666,0.15862168414256228,0.22178864256870456,0.3066934696692194
204,2023-08-11 00:00,-0.9999999539031589,169.76664296239747,3.1277587693581636e+28,-0.6344258791756635,88.5813541453973,-0.1430869580859686,76471.50237557519,1.5698525857631608e+18,0.14264754255207923
205,2023-08-31 00:00,-0.2899689253304024,-0.09579055811039083,16922452973841.383,1916.6092994972557,229.19681726254527,-0.3304926695274898,4.752044906424456,-0.6935083710666867,10.896175700540708
206,2023-09-18 00:00,-0.7571277691465945,0.01461951664430905,33.87283692935382,-0.5619188867136207,-0.2913855908258157,-0.5406991946853104,0.9922513910265529,588.5490119876719,0.7678268439369957
207,2023-10-20 00:00,-0.7780910107188063,3.2755620090785564,27.404985799166994,-0.5719915173458865,0.1872592322058353,2.912913347864061,23.277323647199303,15.453204841034012,1.2550934325484935
208,2023-10-23 00:00,-0.9999999997780445,9.765839705716267,22058.34628955642,39504282533.452866,892.0897431259311,-0.3291111619832513,114.56530823734542,2375.1764515462864,7.287291525086346
209,2023-11-30 00:00,-0.3578911450974209,0.36587112310293857,0.026635013140700048,0.6744285315077221,0.19394541909959973,0.5592627096642344,-0.07824135333451443,0.25437459330320444,0.8486642906021211
210,2023-12-01 00:00,-0.2393937594352753,0.2644368172819025,0.06913816332761291,0.03387230200344549,0.0350355480676825,-0.07032793969191542,0.016049861302181778,0.013558982071859127,0.379176311399982
211,2023-12-12 00:00,-0.44604161953417665,0.7735803969749768,0.17370346194466468,0.2375685242986627,0.005485183176655362,0.06300674710368592,-0.1501084593761164,0.07411827661391457,-0.005805625705861961
212,2023-12-19 00:00,-0.04937477060470863,-0.04734312164063936,-0.43743236694881227,0.006532831795697414,-0.2078366426000975,0.20811216404539556,-0.029944903250979427,0.13924096743305348,0.18124466168105546
213,2024-01-04 00:00,-0.7463554193086899,0.03605028253449105,112084133705.61002,0.7047930737859041,0.13468056017817553,0.4970143353442731,0.1758171811705822,0.9023148598903727,4.008802275365624
214,2024-01-17 00:00,-0.0981454562028874,0.17433458908351485,-0.2593489527688363,0.07395777290232508,-0.051195117370059884,0.04067727751441019,0.497447138501127,-0.26481690545742365,1.4576987173467466
215,2024-01-30 00:00,-0.4684381348617245,-0.3245104026476592,-0.1440710084912804,0.16152391922228126,0.2670783850960321,-0.11575199712417517,-0.12147643727627322,0.21063591089381628,-0.31426553767460597
216,2024-02-09 00:00,-0.2729197295132749,1.775933569524935,0.45492627676870523,0.17765606841380022,0.2193239546837178,0.2164935772968759,0.039703279738509734,-0.0036949636276910613,0.05491131431769336
217,2024-03-09 00:00,-0.5647485990774526,0.07618315898793426,30.15499506345322,3.485993659448921,0.23710569957871863,0.22657258783415024,0.5108599381038088,0.45108134708806946,0.30176993182133716
218,2024-03-26 00:00,0.03173927299525592,0.005381101448465264,-0.37704725876840883,0.011003600711966266,-0.17721227402664919,0.11331425317105492,-0.0220283593769649,0.09025111367334104,-0.187449001972684
219,2024-03-30 00:00,0.0039482133495460925,-0.07363500310101312,0.35562454821336087,0.9746521001013349,-0.17035414477544486,0.016623109558518978,0.2661726992522999,0.051344052593350176,-0.013110950981978675
220,2024-05-06 00:00,-0.1895092567462484,0.43850345403088364,0.18628119101802088,-0.5048647051536514,-0.002691928599615534,-0.09696515517696969,0.09303424725292508,-0.19888110359956823,0.35913325822250153
221,2024-05-13 00:00,-0.06406810429524201,0.07941923902026948,0.0961366380405424,-0.03737778464682728,0.07737412434799107,0.17970971818003512,0.35038446087281994,0.04891991966003162,0.5258412186215093
222,2024-05-17 00:00,-0.2736843368979873,2.773054241767721,0.37440239015881716,0.10611137160657869,0.10813645005962425,-0.048370839487977935,-0.18316282579283005,0.10732595888930718,0.29385234887272493
223,2024-05-21 00:00,-0.14429863050570335,0.8895594722693756,-0.20509792633671986,0.44612200418795633,0.02595158697109201,0.43333601963880586,0.8449092584389448,0.012073874782151606,0.6947571241068125
224,2024-06-03 00:00,-0.21773127962229422,-0.15673162170421406,0.7765517747245327,-0.22311165594292814,0.05206348664384852,-0.011948707066824826,0.04520477431921188,0.25086055920697525,0.09666627945836881
225,2023-08-18 00:00,-0.3555971287290839,83.78085274536802,1.5428617643878821,10.315793411397868,280.27815786010666,-0.5680176646964824,2.208572874690234,0.5643611943329956,2.0325754490208925
226,2023-08-27 00:00,1.226025288466543,0.35584966174498334,1.1856869609684,12.996994277700496,15.027825649629499,-0.6335065780949374,1.1379562450217167,-0.05475919330869872,0.664232212416052
227,2023-08-29 00:00,0.18035256579803716,1.163434488222586,4.317142268443064,-0.6931400043124938,1.741279931842997,-0.6408601945819846,0.5195569329554146,0.259381335537368,-0.1419571977348607
228,2023-09-20 00:00,-0.9424618508424971,0.6268638169971386,17.12054098236939,-0.01660391266885275,0.2763180998975481,-0.6616684189135771,1.9204334447066844,2238.459197639766,1.186896827914678
229,2023-09-27 00:00,-0.9490951255588423,7.156310272922436,24.271753044406438,8.622719981462422,0.29778983345588617,-0.6495333324619803,4.457722233575619,20.771425007617104,-0.5061496961229837
230,2023-09-29 00:00,-0.9659570431958225,0.18475249315123654,10990.002286922187,0.039473044584236616,1.7134144893258223,-0.31429731280930495,3.9880895956437774,60.219326876919595,0.07755714889418908
231,2023-10-02 00:00,-0.8344367695884568,7.734165035025731,9496.58709294222,0.8551319723174304,0.10366176136882266,-0.6944293230626384,1.586093513536484,63.35967644365731,-0.5372313856023043
232,2023-10-07 00:00,-0.9427652220005713,1.3492460929279848,312.26742741068125,4.549524299354002,137.68445970598887,-0.658714602117516,37.18805817997884,408.6411799405547,-0.4597535262172724
233,2023-10-14 00:00,-0.9623257288761107,1.2220984780810862,32.391957658306744,-0.455142425321553,0.09808848031949324,-0.6625291154898864,29.473113022150795,5.132827239091198,8.91560980977978
234,2023-10-27 00:00,-0.9962209802581905,0.8126161006080193,65.01222091281834,35.177227435462704,66.37429278865167,-0.3387059123742374,104.97745052290865,363.4821895067913,5.222828082157813
235,2024-01-07 00:00,-0.3028881201281671,0.1703783112385695,-0.4302025480498264,-0.08711350875438462,0.28469710442594076,0.11122034550887427,0.39527398944728875,1.2161626518617434,0.0415945990765052
236,2024-01-15 00:00,0.4499357324847606,0.0866640182502314,-0.2935110722997184,-0.03537253025557929,-0.04034719018938582,0.2458453710590225,0.37782737315529014,0.9801299308853102,-0.31252003286231356
237,2024-01-26 00:00,0.11368252426180714,1.4001380464263118,0.3879419375158153,0.04718694336542906,0.0013109567376670128,0.13810905175478472,0.4545430530433874,0.5511415014836694,-0.37004100168591925
238,2024-02-01 00:00,-0.11213703415841436,0.583855326954938,-0.30409343416484014,0.851688961173829,-0.2852321273719939,-0.06691888385286227,-0.025771088096993355,0.075335985620679,0.15863996022936266
239,2024-02-12 00:00,-0.20547651486489948,0.2502143773237555,0.9193889602847152,0.28499388519442204,0.4453270784529473,0.3202792995841437,0.21709431342947272,0.28830642719800204,-0.40292875394605343
240,2024-03-15 00:00,-0.4226741069539409,-0.002041031442895247,1.3882274011015512,0.9562302528276447,0.6033347295498501,0.04233303634395735,0.047663656052551184,0.2584126975851573,0.2240410535325652
241,2024-03-21 00:00,0.24337308403292468,0.01933570891336478,-0.19089394612841415,0.5411679448122404,-0.017398717731507585,0.02052543146631236,0.04652511672417203,0.476185477905672,-0.2528701441329848
242,2024-04-21 00:00,0.006268187213246845,0.07735479355583319,0.21836547626110892,-0.6750291429231812,0.28345730066536623,0.05732635590492419,-0.10223039708070958,0.13707609258406972,0.059099657653972404
243,2024-04-22 00:00,-0.26404441611365215,0.22283724613956335,2.5193623375442256,-0.10929603309860914,0.6385632264147945,0.4219582446819732,-0.06296754724043141,0.1727172975850979,0.20146764841088882
244,2024-05-04 00:00,-0.4653624228316343,0.17954233119784369,-0.15191795985685475,0.011971407472511908,-0.3142074380468943,-0.22771272774500806,-0.07596572193118034,0.017719234637768144,-0.417932172524505
245,2024-05-16 00:00,-0.23435414465647697,-0.23480297745393064,0.202107992855604,0.61002699033695,-0.054088519725119744,-0.06577930173856639,0.05858278191277688,0.07795554158145612,0.17648161140125573
246,2024-05-23 00:00,-0.10713613548189371,0.17011471920571242,1.7162997676513636,-0.18457816570705843,0.2752641804685605,0.3437785383854022,-0.19660403154849027,0.36365804959393655,0.16506485927943348
247,2024-06-02 00:00,-0.14703346819265983,0.06292843496787337,0.27783052064733815,0.47428114967400536,0.1666796323038402,0.2218577913417561,0.015205291808821908,0.11397635957713348,0.30188970580940655
248,2023-09-06 00:00,-0.7013504379754267,1.7540958075818573,221.57981976660062,50.795564022135515,9.618828397143295,-0.5660262643253651,2.532052594493937,-0.09533529032808974,0.5838780794053595
249,2023-10-09 00:00,-0.9719000144853172,1.769076827545227,22.275872454347336,-0.12270636252685474,80.89091716516252,-0.6170107525065978,1.2818297513480275,8.542748039204024,-0.16191042114901788
250,2023-10-24 00:00,-0.9999998932450529,9.15951010259505,36446.27504818923,73.11920767354061,34.93534530053702,-0.31215118747993686,305.32054291866757,64.92770297577323,13.988515618666156
251,2023-11-03 00:00,-0.983280456334489,0.25096983934441286,1248.6594532328677,10.975434097976875,20.550965887264088,5.31697530600217,1.4101333551086541,28.305319874844766,0.8002256416250728
252,2023-11-14 00:00,-0.9987188048768141,3.927214240212284,150.58120659990357,6057.9129165059185,75.03367444485343,56.889659896365025,0.22571001372975097,29.606732227258203,260.2331470772252
253,2023-11-17 00:00,-0.688185322267577,3.910738918431127,34.16514660446249,628.296383549342,115.47936833057506,22.356670951757753,-0.22495040864421667,4012.668651566937,243.5619456177322
254,2023-12-03 00:00,-0.01603025416669568,0.43531105241408197,1.7076234585923586,0.3772304525294943,0.06724169632569166,0.1773530690423819,0.016697917111510696,0.27892463929796985,-0.2331125219222442
255,2023-12-11 00:00,-0.2423374915371722,0.7311649234108923,1.654239509002978,1.3420028973939955,0.47527667272016694,0.15759381371167014,-0.01028167658018353,0.17378272895332603,5.7283317819636705
256,2023-12-31 00:00,0.14699144933283326,2.4480043899013424,1.993334975375478,0.6966096920482678,0.2608983102602329,0.5737447624214937,0.8432129357611284,0.056594719261138016,0.8369634319091765
257,2024-01-01 00:00,-0.2730865872940973,1.0972307999387052,1.865311925351691,0.44900358537798923,0.3724505612696194,0.35321686148984144,1.083868735287223,0.9625368889080665,0.9424875141759201
258,2024-01-06 00:00,-0.368994955303271,1.8220044418076355,0.02759024687663736,-0.029438031155679112,-0.23241904454236884,0.30623537401691037,0.05992655032297001,0.15479052176980312,0.4791889716440514
259,2024-01-28 00:00,-0.6068429148234085,0.7121655267611977,-0.06651877812425033,0.03727540350200531,-0.12527848315955514,0.013975969804941979,-0.11609476893514614,-0.42325222238101234,0.16794646449070916
260,2024-02-16 00:00,-0.10714476274941143,-0.03331735440925465,0.03724357058431815,1.1761769569930225,0.0067078766152146585,0.3113127910019182,0.2652906799646333,0.1296162975903119,-0.16620676650596544
261,2024-03-04 00:00,-0.6722217698510367,-0.00022125822549612373,76.35644417457527,-0.19896935933543847,0.23383265567511646,0.48215147851071816,0.3656414002627655,7.763040315634255,0.02361373489707974
262,2024-03-19 00:00,0.5327975341286348,0.13891134388495407,0.3886214352669828,-0.409276393018819,0.2490330572126933,0.044383287830328744,-0.04337699670764372,0.270080674368971,-0.18644615765675987
263,2024-04-03 00:00,-0.06471311324506102,0.4563098552475524,0.22777553779648496,0.022165184347747058,0.24854307928644648,0.12909665707443696,0.13239084799927614,0.0417683461290288,0.011626436045711452
264,2024-04-07 00:00,-0.2509092595366349,0.06431932738426549,0.0006722059445856132,0.7830585786048498,0.19418967666101272,0.025479899852575816,0.00043926188658027776,0.06849178862153527,0.05519962311685234
265,2024-05-29 00:00,-0.02806436204506413,0.15788464182993245,0.7415493652479257,15.195277609742377,-0.009092093764215603,0.08704610758115283,0.18775105905702727,0.04420705673949299,-0.1512665116155506
266,2023-08-17 00:00,-0.9959576010105051,16.37241914620922,162.7366353205403,-0.6937145289481205,5.50892196170918,-0.425901361336088,1.0798867827510863,319.34563242768496,8.214181627151518
267,2023-08-21 00:00,-0.9719306533874958,5.886910179042806,10.953471902888348,-0.6782726617185835,1.1846687798802011,-0.6584194043777326,0.413871801437369,12.072378937996133,2.562673177212823
268,2023-10-10 00:00,-0.9717478391648894,3.3244685991040903,114.00475218605902,21.900859757341195,12.01972290551694,-0.6605351587607797,0.41041283505895576,245.65850182419112,-0.14059012712171504
269,2023-10-11 00:00,-0.9758566517107946,2.288484206578157,42.4787729599015,29.45949195686566,2.5484462411004434,-0.655494601742515,7.248127880229312,5.981457755016493,7.843639470244751
270,2023-10-12 00:00,-0.910296646317309,2.4055073758457537,66.78142558254672,1.477981743868808,1.2234340905604926,-0.6700655067926882,1.7664211099769398,1.4425902686223213,0.6252395702790059
271,2023-10-31 00:00,-0.9977235156315837,0.4970258860426573,481.51819104849636,3331.0794458037067,8.067606667554378,-0.5916099028688122,3.147877315088187,1761.1373405483398,-0.38160613750596395
272,2023-11-22 00:00,-0.9906308935498597,0.1949455097628099,60.87772564073788,1.2517351191180426,0.3574553945542054,2.9329526981393266,-0.17142492478346727,4.6270970135780365,5.309368033820851
273,2023-11-24 00:00,-0.19115680292357395,0.13600249408417753,1.7192232800492504,-0.5527470290524945,0.024648889189677448,-0.2284487903069281,0.27732060227249034,0.05490059575936157,0.22657967294696468
274,2023-12-09 00:00,-0.49193690150629465,0.5264726261864126,-0.6903954880887009,0.06576885086611695,0.04234599070306433,0.3857173168502275,0.007648456682662896,0.8885459832399905,0.6456363210674663
275,2024-02-04 00:00,0.016933325903843777,-0.181885433011715,0.31258759114184675,-0.09683590579341772,0.014901345798993049,0.11049203102941796,-0.004023674474811001,0.11386914202405407,0.17617503595276895
276,2024-02-05 00:00,-0.1689091911164039,0.29292996771771507,0.04958424098536729,0.006665635841876627,0.2658411798687321,0.06588728600264937,0.3071397885417675,0.07781416635589644,0.36817044985128833
277,2024-02-07 00:00,-0.0620869074585062,0.33418830962829116,5.3663662214824095,-0.0640022091633381,0.3055171381241084,0.005054313568836122,0.13056949388620853,0.224706112146158,-0.3663529043771183
278,2024-02-27 00:00,-0.32955086002001244,0.11539734336002039,1.0254447056313634,5.081081931988276,0.1197143128404985,0.6537183008822578,0.12847966343242256,-0.02001284671204162,0.8598107949053813
279,2024-03-23 00:00,0.0071067092168359824,-0.15696778000658196,0.7885065905274904,-0.0019052112447055514,0.14750441060596908,0.1261552587204151,-0.018712705746339542,0.14078780902770793,-0.01911492366116896
280,2024-03-24 00:00,-0.18245797674356856,0.4061255210980408,1.167938843061393,0.4801308471288006,0.08953182628311618,-0.18321619827956337,-0.05982751237313755,-0.020619064806016052,0.5565526203365387
281,2024-03-31 00:00,-0.13575309035327854,0.019534765386334918,0.8145374130631793,0.4752814674650754,0.016814920872187722,0.9360745307915621,1.0009488850822619,0.052870618006964465,0.16459728947674757
282,2024-04-13 00:00,0.07437789850787979,-0.17197090504207768,0.5343589667252073,-0.5186339582258523,-0.4705417578997695,-0.3403467825678278,-0.36460795812034685,0.01102523997949656,-0.22335227285920445
283,2024-04-23 00:00,-0.15443077288513496,0.3066816058724193,0.6368300302670853,-0.3141019824370431,0.18043501675575713,0.03963661544921537,-0.0015591377809062168,0.10977633964392686,0.0028195202133038944
284,2024-04-30 00:00,-0.2798434977930121,-0.18627892485281772,0.11407362805580856,-0.030604516186013786,0.07069216006680357,0.31746827881603035,0.4263784549355889,0.8092445826928116,0.21262420595023301
285,2023-08-12 00:00,-0.9999943592922259,1.9133966377378284,1.1270619589615226e+30,-0.5881399353508789,5974.723382534675,-0.6936406361366196,1395.2041297035184,6486312592037986.0,5.7408411321049595
286,2023-08-19 00:00,-0.22629787484019015,6.452737022235755,5.182408287989866,3917.63982682592,355.88646117889914,-0.6925035084774013,14.388513047798606,37.716417080048075,16.9762502947263
287,2023-09-05 00:00,-0.7331780308103922,0.4795503665959817,66.725405903285,13.880488380468359,58.53719387091244,-0.5470307367459675,1.4645471699094306,3.8867225083521664,1.5954341506020242
288,2023-09-14 00:00,-0.30190253055931093,1.048907668869421,9.267099958550457,-0.5455998248597957,7.275282792164816,-0.5638447701770664,0.7454263097225784,688.9974745624513,1.3001686630779488
289,2023-09-22 00:00,-0.9202894923795898,0.6986818286649288,36.66352121893314,-0.3198769295762961,-0.3610516756120543,-0.5977743267666882,-0.46095592563642795,14787.342876084464,0.7909609135907607
290,2023-09-25 00:00,-0.4297688415099169,0.05694720014832422,21.295749792916798,206080684.14230752,0.2624466907298153,-0.689702399661213,11.311518401795857,7.466417560545704,1.0919585367595666
291,2023-10-04 00:00,-0.6485254195024448,0.43283906008022077,59.745411703256686,259.1585520161291,3.737225482877311,-0.5052804768396609,8.252680481532897,114.07239657232607,6.464308433759235
292,2023-10-05 00:00,-0.5188729987314886,1.295134418298033,21.426177201442904,14.785055039649382,0.3077574052206833,-0.5959759435896368,43.8279815083338,89.92884664557911,0.3216955419480516
293,2023-10-26 00:00,-0.8983829189604946,-0.16119881227262178,3221.097095976779,7.573469535100115,214.96884223313734,5.373303914869545,29.673945707803295,320.88838237009514,6.277854006487092
294,2023-12-17 00:00,0.6003711620971146,0.13683929569257103,-0.15299328120126265,0.0851738190828919,-0.06000783224554451,-0.09082786451530789,0.38279144924675546,-0.04810962937605312,1.0313882023166232
295,2023-12-21 00:00,-0.4595249692934358,2.036809749666243,1.986943781907402,1.145360538845825,0.4387729158999176,-0.27126004906339485,-0.10017827984521344,0.5123708529794082,0.5824557354017328
296,2023-12-23 00:00,-0.27959995969013496,0.3083893415174821,-0.33174975022127484,1.3935894989202264,0.1094052445976712,0.5698724695496542,2.287597664439226,0.0882246912672866,0.33260893743695474
297,2023-12-27 00:00,-0.23711683762555735,2.2068124902850346,4.985566735311585,0.31567036681421756,-0.20867235636716575,0.21474023854019886,0.5982929662143122,0.6047381215856438,0.5788505158793766
298,2024-01-09 00:00,0.4262220585102905,-0.060171059744399735,-0.3835097399141779,0.46601460466431277,-0.0937193760041033,0.09432048308524021,0.5253192515958691,-0.1565709013272465,2.495767008246204
299,2024-01-16 00:00,-0.2585751385936308,-0.5100756131570024,0.22422700702409148,-0.3446835390228976,0.2867411751805189,0.05286015428348856,0.05491438412394345,-0.2940998590447188,-0.1925489215142404
300,2024-01-23 00:00,0.46585070602384104,0.467838825101045,-0.3050670343455134,0.10537543605745103,-0.10641255115281789,0.0771824570729629,-0.18062917804579415,-0.05266821449653569,0.5356787340875575
301,2024-01-25 00:00,-0.4118225722579979,0.11509887763869431,-0.24696635213457452,0.08500073275134423,0.6032103031686986,0.37113915193877767,-0.06507401248152811,-0.3802917183454412,-0.17232385069173417
302,2024-01-29 00:00,0.17747677966522923,-0.33535495841953966,0.10900826077614001,0.3958880307357229,-0.20508049316824184,-0.0076310583324038506,0.34944491640768827,-0.04606136373228831,-0.0837793429178888
303,2024-02-03 00:00,-0.06681504513180847,-0.06323091426428362,0.6250833244850567,-0.07975773081550896,0.29901950910735375,0.07621816452445063,0.005974585573580882,0.0689921893979224,-0.056162888984378045
304,2024-02-11 00:00,-0.027106008741075494,0.13402096380296458,0.1858320618480107,0.5187265519434765,0.0929316852053157,0.07999021473253709,0.043144393432692274,0.18111961806867405,0.06747060895919677
305,2024-02-17 00:00,-0.02266682237525519,-0.18807761020962188,0.09630541713142193,0.14377841614718245,0.020540825917826577,0.25320750509180234,0.14532498778100456,-0.12386289928199767,0.6581057180842074
306,2024-02-18 00:00,-0.15414523327109797,0.762884930015155,0.03171136666534813,0.2518191639982619,-0.010024196570618704,0.08926469042524476,0.19103503559480428,0.0002374412009988891,0.08565789753575581
307,2024-02-21 00:00,-0.20198189819814205,0.4462248406848537,-0.3600114510538611,0.06955567676178775,0.2715241225191751,0.20865343351677867,0.1864152272146915,0.023096249567826854,-0.17012107591663284
308,2024-03-07 00:00,-0.29707824478280676,0.18344303856411814,0.07973565680204842,0.8513005468349601,0.013310062101048015,0.37132858904712895,0.33343127712904774,0.6358565954313125,0.19485530293319853
309,2024-03-16 00:00,-0.1242708479535708,0.1568997126239422,291.24892610719513,-0.06084013690062473,0.472648090533772,0.2924234847365417,-0.08846114579123154,0.10113021121817067,0.37932997859053463
310,2024-03-17 00:00,-0.40866924970018503,0.02351013967832083,1.0147068978335319,-0.25694027874024505,0.11941025246537795,-0.0024735296612734547,0.0464822873093238,0.36254324767146917,-0.05738398083694374
311,2024-04-11 00:00,-0.059550874381888885,0.025390342537968458,0.141943802180718,-0.09789860594735844,0.26416894510614775,0.181927512395907,0.11117497860714232,-0.01141798202318467,0.16246852532834777
312,2024-04-25 00:00,-0.08950523425561574,0.048034190477013405,0.009213966396217632,1.3141295872676615,0.2284964316734166,0.08527412844436766,0.5265124938153942,-0.030067279783776435,-0.049453118408619656
