,timestamp,fundingRate,index,id
0,1714501829,-335596148610256,22768,0x6110df298b411a46d6edce72f5caca9ad826c1de-22768
1,1714501835,-335573887813135,22769,0x6110df298b411a46d6edce72f5caca9ad826c1de-22769
2,1714502213,-327200400345696,22770,0x6110df298b411a46d6edce72f5caca9ad826c1de-22770
3,1714505415,-256269429788183,22771,0x6110df298b411a46d6edce72f5caca9ad826c1de-22771
4,1714505899,-245547821496542,22772,0x6110df298b411a46d6edce72f5caca9ad826c1de-22772
5,1714507435,-211522221628854,22773,0x6110df298b411a46d6edce72f5caca9ad826c1de-22773
6,1714509037,-176034584266851,22774,0x6110df298b411a46d6edce72f5caca9ad826c1de-22774
7,1714511801,-114806226171609,22775,0x6110df298b411a46d6edce72f5caca9ad826c1de-22775
8,1714518723,38530494065463,22776,0x6110df298b411a46d6edce72f5caca9ad826c1de-22776
9,1714552353,783505053668574,22777,0x6110df298b411a46d6edce72f5caca9ad826c1de-22777
10,1714555569,854746153391547,22778,0x6110df298b411a46d6edce72f5caca9ad826c1de-22778
11,1714555575,854879065891030,22779,0x6110df298b411a46d6edce72f5caca9ad826c1de-22779
12,1714582869,1307864692706583,22780,0x6110df298b411a46d6edce72f5caca9ad826c1de-22780
13,1714582869,1307864692706583,22781,0x6110df298b411a46d6edce72f5caca9ad826c1de-22781
14,1714582875,1307964271872732,22782,0x6110df298b411a46d6edce72f5caca9ad826c1de-22782
15,1714603161,1671679943285295,22783,0x6110df298b411a46d6edce72f5caca9ad826c1de-22783
16,1714603161,1671679943285295,22784,0x6110df298b411a46d6edce72f5caca9ad826c1de-22784
17,1714603167,1671787519644778,22785,0x6110df298b411a46d6edce72f5caca9ad826c1de-22785
18,1714666375,1676375291302254,22786,0x6110df298b411a46d6edce72f5caca9ad826c1de-22786
19,1714668429,1676524375009766,22787,0x6110df298b411a46d6edce72f5caca9ad826c1de-22787
20,1714695839,1678513851359775,22788,0x6110df298b411a46d6edce72f5caca9ad826c1de-22788
21,1714695839,1678513851359775,22789,0x6110df298b411a46d6edce72f5caca9ad826c1de-22789
22,1714695845,1678514286852591,22790,0x6110df298b411a46d6edce72f5caca9ad826c1de-22790
23,1714705047,1399792200627044,22791,0x6110df298b411a46d6edce72f5caca9ad826c1de-22791
24,1714705055,1399549886272578,22792,0x6110df298b411a46d6edce72f5caca9ad826c1de-22792
25,1714705559,1393491555461164,22793,0x6110df298b411a46d6edce72f5caca9ad826c1de-22793
26,1714738285,1000108749639040,22794,0x6110df298b411a46d6edce72f5caca9ad826c1de-22794
27,1714738285,1000108749639040,22795,0x6110df298b411a46d6edce72f5caca9ad826c1de-22795
28,1714738285,1000108749639040,22796,0x6110df298b411a46d6edce72f5caca9ad826c1de-22796
29,1714738291,1000036626653190,22797,0x6110df298b411a46d6edce72f5caca9ad826c1de-22797
30,1714743011,963587177251055,22798,0x6110df298b411a46d6edce72f5caca9ad826c1de-22798
31,1714743527,959602449307941,22799,0x6110df298b411a46d6edce72f5caca9ad826c1de-22799
32,1714743533,959556115262091,22800,0x6110df298b411a46d6edce72f5caca9ad826c1de-22800
33,1714757867,1104823610192691,22801,0x6110df298b411a46d6edce72f5caca9ad826c1de-22801
34,1714762321,1149962540178800,22802,0x6110df298b411a46d6edce72f5caca9ad826c1de-22802
35,1714762327,1150023346999616,22803,0x6110df298b411a46d6edce72f5caca9ad826c1de-22803
36,1714763045,1156342899088434,22804,0x6110df298b411a46d6edce72f5caca9ad826c1de-22804
37,1714772761,1241859289192831,22805,0x6110df298b411a46d6edce72f5caca9ad826c1de-22805
38,1714772761,1241859289192831,22806,0x6110df298b411a46d6edce72f5caca9ad826c1de-22806
39,1714772767,1241912098820314,22807,0x6110df298b411a46d6edce72f5caca9ad826c1de-22807
40,1714835083,983150428804440,22808,0x6110df298b411a46d6edce72f5caca9ad826c1de-22808
41,1714837723,972188062657032,22809,0x6110df298b411a46d6edce72f5caca9ad826c1de-22809
42,1714838973,966997548382691,22810,0x6110df298b411a46d6edce72f5caca9ad826c1de-22810
43,1714842105,953992195816902,22811,0x6110df298b411a46d6edce72f5caca9ad826c1de-22811
44,1714872845,826347068782305,22812,0x6110df298b411a46d6edce72f5caca9ad826c1de-22812
45,1714872845,826347068782305,22813,0x6110df298b411a46d6edce72f5caca9ad826c1de-22813
46,1714872851,826322154313789,22814,0x6110df298b411a46d6edce72f5caca9ad826c1de-22814
47,1714877277,788919939964536,22815,0x6110df298b411a46d6edce72f5caca9ad826c1de-22815
48,1714877285,788852335419847,22816,0x6110df298b411a46d6edce72f5caca9ad826c1de-22816
49,1714877317,788996445753090,22817,0x6110df298b411a46d6edce72f5caca9ad826c1de-22817
50,1714924651,1002162649307739,22818,0x6110df298b411a46d6edce72f5caca9ad826c1de-22818
51,1714924651,1002162649307739,22819,0x6110df298b411a46d6edce72f5caca9ad826c1de-22819
52,1714924657,1002189669995222,22820,0x6110df298b411a46d6edce72f5caca9ad826c1de-22820
53,1714925475,995090472602094,22821,0x6110df298b411a46d6edce72f5caca9ad826c1de-22821
54,1714932881,930815832145478,22822,0x6110df298b411a46d6edce72f5caca9ad826c1de-22822
55,1714965899,644261676245322,22823,0x6110df298b411a46d6edce72f5caca9ad826c1de-22823
56,1714965907,644192246441967,22824,0x6110df298b411a46d6edce72f5caca9ad826c1de-22824
57,1714974881,483067894604505,22825,0x6110df298b411a46d6edce72f5caca9ad826c1de-22825
58,1714981031,372647261241413,22826,0x6110df298b411a46d6edce72f5caca9ad826c1de-22826
59,1714982559,345212671358681,22827,0x6110df298b411a46d6edce72f5caca9ad826c1de-22827
60,1714985619,290271673295094,22828,0x6110df298b411a46d6edce72f5caca9ad826c1de-22828
61,1715006765,-89395759728638,22829,0x6110df298b411a46d6edce72f5caca9ad826c1de-22829
62,1715006773,-89539396324882,22830,0x6110df298b411a46d6edce72f5caca9ad826c1de-22830
63,1715014019,-124120215400161,22831,0x6110df298b411a46d6edce72f5caca9ad826c1de-22831
64,1715015127,-129408035926714,22832,0x6110df298b411a46d6edce72f5caca9ad826c1de-22832
65,1715015127,-129408035926714,22833,0x6110df298b411a46d6edce72f5caca9ad826c1de-22833
66,1715015135,-129446215136292,22834,0x6110df298b411a46d6edce72f5caca9ad826c1de-22834
67,1715015589,-129802880501177,22835,0x6110df298b411a46d6edce72f5caca9ad826c1de-22835
68,1715015589,-129802880501177,22836,0x6110df298b411a46d6edce72f5caca9ad826c1de-22836
69,1715015595,-129807594140360,22837,0x6110df298b411a46d6edce72f5caca9ad826c1de-22837
70,1715016169,-131402731133359,22838,0x6110df298b411a46d6edce72f5caca9ad826c1de-22838
71,1715016175,-131419405039209,22839,0x6110df298b411a46d6edce72f5caca9ad826c1de-22839
72,1715016385,-132421609290631,22840,0x6110df298b411a46d6edce72f5caca9ad826c1de-22840
73,1715016385,-132421609290631,22841,0x6110df298b411a46d6edce72f5caca9ad826c1de-22841
74,1715016391,-132450243697814,22842,0x6110df298b411a46d6edce72f5caca9ad826c1de-22842
75,1715016893,-131109718781946,22843,0x6110df298b411a46d6edce72f5caca9ad826c1de-22843
76,1715025563,-107957625115449,22844,0x6110df298b411a46d6edce72f5caca9ad826c1de-22844
77,1715035311,-81926874358700,22845,0x6110df298b411a46d6edce72f5caca9ad826c1de-22845
78,1715035623,-81093719430910,22846,0x6110df298b411a46d6edce72f5caca9ad826c1de-22846
79,1715035623,-81093719430910,22847,0x6110df298b411a46d6edce72f5caca9ad826c1de-22847
80,1715035629,-81077697220761,22848,0x6110df298b411a46d6edce72f5caca9ad826c1de-22848
81,1715037993,-44959075992396,22849,0x6110df298b411a46d6edce72f5caca9ad826c1de-22849
82,1715037999,-44867404364913,22850,0x6110df298b411a46d6edce72f5caca9ad826c1de-22850
83,1715041675,-16062874813121,22851,0x6110df298b411a46d6edce72f5caca9ad826c1de-22851
84,1715049233,43160366305608,22852,0x6110df298b411a46d6edce72f5caca9ad826c1de-22852
85,1715071355,216504708728012,22853,0x6110df298b411a46d6edce72f5caca9ad826c1de-22853
86,1715071355,216504708728012,22854,0x6110df298b411a46d6edce72f5caca9ad826c1de-22854
87,1715071361,216551723738161,22855,0x6110df298b411a46d6edce72f5caca9ad826c1de-22855
88,1715119719,1390538240799269,22856,0x6110df298b411a46d6edce72f5caca9ad826c1de-22856
89,1715133817,1732795197611533,22857,0x6110df298b411a46d6edce72f5caca9ad826c1de-22857
90,1715135351,1770036095026060,22858,0x6110df298b411a46d6edce72f5caca9ad826c1de-22858
91,1715135357,1770181756945543,22859,0x6110df298b411a46d6edce72f5caca9ad826c1de-22859
92,1715135375,1770391794451992,22860,0x6110df298b411a46d6edce72f5caca9ad826c1de-22860
93,1715154625,1995015238849347,22861,0x6110df298b411a46d6edce72f5caca9ad826c1de-22861
94,1715154625,1995015238849347,22862,0x6110df298b411a46d6edce72f5caca9ad826c1de-22862
95,1715154631,1995085251351496,22863,0x6110df298b411a46d6edce72f5caca9ad826c1de-22863
96,1715176753,1995138018260515,22864,0x6110df298b411a46d6edce72f5caca9ad826c1de-22864
97,1715187401,1995163416599148,22865,0x6110df298b411a46d6edce72f5caca9ad826c1de-22865
98,1715187401,1995163416599148,22866,0x6110df298b411a46d6edce72f5caca9ad826c1de-22866
99,1715187409,1995163435681295,22867,0x6110df298b411a46d6edce72f5caca9ad826c1de-22867
100,1715189331,1999219790929954,22868,0x6110df298b411a46d6edce72f5caca9ad826c1de-22868
101,1715190811,2002343311100617,22869,0x6110df298b411a46d6edce72f5caca9ad826c1de-22869
102,1715198241,2018024226551990,22870,0x6110df298b411a46d6edce72f5caca9ad826c1de-22870
103,1715198509,2018589836961272,22871,0x6110df298b411a46d6edce72f5caca9ad826c1de-22871
104,1715199173,2019991200064867,22872,0x6110df298b411a46d6edce72f5caca9ad826c1de-22872
105,1715199873,2021468540686126,22873,0x6110df298b411a46d6edce72f5caca9ad826c1de-22873
106,1715201141,2024144637697208,22874,0x6110df298b411a46d6edce72f5caca9ad826c1de-22874
107,1715203359,2028825696980000,22875,0x6110df298b411a46d6edce72f5caca9ad826c1de-22875
108,1715203363,2028834138926407,22876,0x6110df298b411a46d6edce72f5caca9ad826c1de-22876
109,1715212805,2048761353420602,22877,0x6110df298b411a46d6edce72f5caca9ad826c1de-22877
110,1715220263,2064501362496826,22878,0x6110df298b411a46d6edce72f5caca9ad826c1de-22878
111,1715220263,2064501362496826,22879,0x6110df298b411a46d6edce72f5caca9ad826c1de-22879
112,1715220269,2064514025416436,22880,0x6110df298b411a46d6edce72f5caca9ad826c1de-22880
113,1715227205,1990330419217189,22881,0x6110df298b411a46d6edce72f5caca9ad826c1de-22881
114,1715241605,1836316011883112,22882,0x6110df298b411a46d6edce72f5caca9ad826c1de-22882
115,1715271385,1517805661160276,22883,0x6110df298b411a46d6edce72f5caca9ad826c1de-22883
116,1715271395,1517698706710739,22884,0x6110df298b411a46d6edce72f5caca9ad826c1de-22884
117,1715284223,1380497538843965,22885,0x6110df298b411a46d6edce72f5caca9ad826c1de-22885
118,1715284355,1379085740110070,22886,0x6110df298b411a46d6edce72f5caca9ad826c1de-22886
119,1715304309,1165668831502835,22887,0x6110df298b411a46d6edce72f5caca9ad826c1de-22887
120,1715304319,1165561877053298,22888,0x6110df298b411a46d6edce72f5caca9ad826c1de-22888
121,1715343569,745765662618398,22889,0x6110df298b411a46d6edce72f5caca9ad826c1de-22889
122,1715352253,652886418639986,22890,0x6110df298b411a46d6edce72f5caca9ad826c1de-22890
123,1715352259,652822245970264,22891,0x6110df298b411a46d6edce72f5caca9ad826c1de-22891
124,1715352269,652550880005171,22892,0x6110df298b411a46d6edce72f5caca9ad826c1de-22892
125,1715355515,564465487735949,22893,0x6110df298b411a46d6edce72f5caca9ad826c1de-22893
126,1715355533,563977028998782,22894,0x6110df298b411a46d6edce72f5caca9ad826c1de-22894
127,1715356461,538794267438142,22895,0x6110df298b411a46d6edce72f5caca9ad826c1de-22895
128,1715356491,537980169542863,22896,0x6110df298b411a46d6edce72f5caca9ad826c1de-22896
129,1715358045,495809898567394,22897,0x6110df298b411a46d6edce72f5caca9ad826c1de-22897
130,1715358919,472092513218257,22898,0x6110df298b411a46d6edce72f5caca9ad826c1de-22898
131,1715358925,471929693639202,22899,0x6110df298b411a46d6edce72f5caca9ad826c1de-22899
132,1715361653,389959547250691,22900,0x6110df298b411a46d6edce72f5caca9ad826c1de-22900
133,1715363085,346931229938247,22901,0x6110df298b411a46d6edce72f5caca9ad826c1de-22901
134,1715363097,346570657446802,22902,0x6110df298b411a46d6edce72f5caca9ad826c1de-22902
135,1715363109,346210084955357,22903,0x6110df298b411a46d6edce72f5caca9ad826c1de-22903
136,1715364791,295669840737808,22904,0x6110df298b411a46d6edce72f5caca9ad826c1de-22904
137,1715364791,295669840737808,22905,0x6110df298b411a46d6edce72f5caca9ad826c1de-22905
138,1715364797,295489554492086,22906,0x6110df298b411a46d6edce72f5caca9ad826c1de-22906
139,1715364869,293370473687416,22907,0x6110df298b411a46d6edce72f5caca9ad826c1de-22907
140,1715364875,293193883620361,22908,0x6110df298b411a46d6edce72f5caca9ad826c1de-22908
141,1715365003,291065788095614,22909,0x6110df298b411a46d6edce72f5caca9ad826c1de-22909
142,1715365895,276235622407531,22910,0x6110df298b411a46d6edce72f5caca9ad826c1de-22910
143,1715365941,275470838078325,22911,0x6110df298b411a46d6edce72f5caca9ad826c1de-22911
144,1715377397,85006288613437,22912,0x6110df298b411a46d6edce72f5caca9ad826c1de-22912
145,1715377403,84906534135715,22913,0x6110df298b411a46d6edce72f5caca9ad826c1de-22913
146,1715377469,83768576915434,22914,0x6110df298b411a46d6edce72f5caca9ad826c1de-22914
147,1715377469,83768576915434,22915,0x6110df298b411a46d6edce72f5caca9ad826c1de-22915
148,1715377469,83768576915434,22916,0x6110df298b411a46d6edce72f5caca9ad826c1de-22916
149,1715377475,83665126259045,22917,0x6110df298b411a46d6edce72f5caca9ad826c1de-22917
150,1715388437,-108386856280018,22918,0x6110df298b411a46d6edce72f5caca9ad826c1de-22918
151,1715388443,-108491975044407,22919,0x6110df298b411a46d6edce72f5caca9ad826c1de-22919
152,1715388445,-108518178523695,22920,0x6110df298b411a46d6edce72f5caca9ad826c1de-22920
153,1715389361,-120519372037671,22921,0x6110df298b411a46d6edce72f5caca9ad826c1de-22921
154,1715389367,-120597982475535,22922,0x6110df298b411a46d6edce72f5caca9ad826c1de-22922
155,1715389371,-120621396191435,22923,0x6110df298b411a46d6edce72f5caca9ad826c1de-22923
156,1715571567,-1187092741725773,22924,0x6110df298b411a46d6edce72f5caca9ad826c1de-22924
157,1715571573,-1187127862299623,22925,0x6110df298b411a46d6edce72f5caca9ad826c1de-22925
158,1715589799,-1332234713699830,22926,0x6110df298b411a46d6edce72f5caca9ad826c1de-22926
159,1715589799,-1332234713699830,22927,0x6110df298b411a46d6edce72f5caca9ad826c1de-22927
160,1715589805,-1332282482881680,22928,0x6110df298b411a46d6edce72f5caca9ad826c1de-22928
161,1715792453,-2721893245343972,22929,0x6110df298b411a46d6edce72f5caca9ad826c1de-22929
162,1715839485,-3044404068940190,22930,0x6110df298b411a46d6edce72f5caca9ad826c1de-22930
163,1715839731,-3046090955796047,22931,0x6110df298b411a46d6edce72f5caca9ad826c1de-22931
164,1715839737,-3046132099377897,22932,0x6110df298b411a46d6edce72f5caca9ad826c1de-22932
165,1715840351,-3049018948142786,22933,0x6110df298b411a46d6edce72f5caca9ad826c1de-22933
166,1715840357,-3049047158391302,22934,0x6110df298b411a46d6edce72f5caca9ad826c1de-22934
167,1715843587,-3055835675509532,22935,0x6110df298b411a46d6edce72f5caca9ad826c1de-22935
168,1715843593,-3055848285758048,22936,0x6110df298b411a46d6edce72f5caca9ad826c1de-22936
169,1715874267,-3111788155460293,22937,0x6110df298b411a46d6edce72f5caca9ad826c1de-22937
170,1715874267,-3111788155460293,22938,0x6110df298b411a46d6edce72f5caca9ad826c1de-22938
171,1715874273,-3111799097600809,22939,0x6110df298b411a46d6edce72f5caca9ad826c1de-22939
172,1715944389,-3132808957925924,22940,0x6110df298b411a46d6edce72f5caca9ad826c1de-22940
173,1716013251,-3153443064288353,22941,0x6110df298b411a46d6edce72f5caca9ad826c1de-22941
174,1716013257,-3153444862154203,22942,0x6110df298b411a46d6edce72f5caca9ad826c1de-22942
175,1716089265,-3064741826744220,22943,0x6110df298b411a46d6edce72f5caca9ad826c1de-22943
176,1716101435,-3050539164643659,22944,0x6110df298b411a46d6edce72f5caca9ad826c1de-22944
177,1716101435,-3050539164643659,22945,0x6110df298b411a46d6edce72f5caca9ad826c1de-22945
178,1716101441,-3050532162509510,22946,0x6110df298b411a46d6edce72f5caca9ad826c1de-22946
179,1716116909,-3015618024543262,22947,0x6110df298b411a46d6edce72f5caca9ad826c1de-22947
180,1716116909,-3015618024543262,22948,0x6110df298b411a46d6edce72f5caca9ad826c1de-22948
181,1716116915,-3015604481433113,22949,0x6110df298b411a46d6edce72f5caca9ad826c1de-22949
182,1716145699,-3161519323852114,22950,0x6110df298b411a46d6edce72f5caca9ad826c1de-22950
183,1716145699,-3161519323852114,22951,0x6110df298b411a46d6edce72f5caca9ad826c1de-22951
184,1716145705,-3161549739675297,22952,0x6110df298b411a46d6edce72f5caca9ad826c1de-22952
185,1716146043,-3164229919492412,22953,0x6110df298b411a46d6edce72f5caca9ad826c1de-22953
186,1716146275,-3166069569544396,22954,0x6110df298b411a46d6edce72f5caca9ad826c1de-22954
187,1716146281,-3166117146700912,22955,0x6110df298b411a46d6edce72f5caca9ad826c1de-22955
188,1716168695,-3358792211062311,22956,0x6110df298b411a46d6edce72f5caca9ad826c1de-22956
189,1716168695,-3358792211062311,22957,0x6110df298b411a46d6edce72f5caca9ad826c1de-22957
190,1716168701,-3358843788218827,22958,0x6110df298b411a46d6edce72f5caca9ad826c1de-22958
191,1716193497,-3486612161806306,22959,0x6110df298b411a46d6edce72f5caca9ad826c1de-22959
192,1716193497,-3486612161806306,22960,0x6110df298b411a46d6edce72f5caca9ad826c1de-22960
193,1716193503,-3486643078496156,22961,0x6110df298b411a46d6edce72f5caca9ad826c1de-22961
194,1716195683,-3477158672341720,22962,0x6110df298b411a46d6edce72f5caca9ad826c1de-22962
195,1716195695,-3477106464601421,22963,0x6110df298b411a46d6edce72f5caca9ad826c1de-22963
196,1716195813,-3476876288488475,22964,0x6110df298b411a46d6edce72f5caca9ad826c1de-22964
197,1716195819,-3476864584618326,22965,0x6110df298b411a46d6edce72f5caca9ad826c1de-22965
198,1716226631,-3447573310108925,22966,0x6110df298b411a46d6edce72f5caca9ad826c1de-22966
199,1716226745,-3447464936576079,22967,0x6110df298b411a46d6edce72f5caca9ad826c1de-22967
200,1716226751,-3447459232705930,22968,0x6110df298b411a46d6edce72f5caca9ad826c1de-22968
201,1716237539,-3411312474176545,22969,0x6110df298b411a46d6edce72f5caca9ad826c1de-22969
202,1716237539,-3411312474176545,22970,0x6110df298b411a46d6edce72f5caca9ad826c1de-22970
203,1716237545,-3411292370306396,22971,0x6110df298b411a46d6edce72f5caca9ad826c1de-22971
204,1716246019,-3387517899298127,22972,0x6110df298b411a46d6edce72f5caca9ad826c1de-22972
205,1716246019,-3387517899298127,22973,0x6110df298b411a46d6edce72f5caca9ad826c1de-22973
206,1716246025,-3387501065827978,22974,0x6110df298b411a46d6edce72f5caca9ad826c1de-22974
207,1716247361,-3382268368807857,22975,0x6110df298b411a46d6edce72f5caca9ad826c1de-22975
208,1716247367,-3382244868671540,22976,0x6110df298b411a46d6edce72f5caca9ad826c1de-22976
209,1716247425,-3382049316255134,22977,0x6110df298b411a46d6edce72f5caca9ad826c1de-22977
210,1716248369,-3378866532098450,22978,0x6110df298b411a46d6edce72f5caca9ad826c1de-22978
211,1716248369,-3378866532098450,22979,0x6110df298b411a46d6edce72f5caca9ad826c1de-22979
212,1716248375,-3378846302538133,22980,0x6110df298b411a46d6edce72f5caca9ad826c1de-22980
213,1716251199,-3368697367259615,22981,0x6110df298b411a46d6edce72f5caca9ad826c1de-22981
214,1716251205,-3368675804365964,22982,0x6110df298b411a46d6edce72f5caca9ad826c1de-22982
215,1716289303,-3206359950645125,22983,0x6110df298b411a46d6edce72f5caca9ad826c1de-22983
216,1716291911,-3195248612871385,22984,0x6110df298b411a46d6edce72f5caca9ad826c1de-22984
217,1716291917,-3195223049977734,22985,0x6110df298b411a46d6edce72f5caca9ad826c1de-22985
218,1716298513,-3162515244600248,22986,0x6110df298b411a46d6edce72f5caca9ad826c1de-22986
219,1716298519,-3162485492199966,22987,0x6110df298b411a46d6edce72f5caca9ad826c1de-22987
220,1716299041,-3159227508544048,22988,0x6110df298b411a46d6edce72f5caca9ad826c1de-22988
221,1716299047,-3159190060456049,22989,0x6110df298b411a46d6edce72f5caca9ad826c1de-22989
222,1716304389,-3121560486170654,22990,0x6110df298b411a46d6edce72f5caca9ad826c1de-22990
223,1716304395,-3121518221579544,22991,0x6110df298b411a46d6edce72f5caca9ad826c1de-22991
224,1716304777,-3118508193454148,22992,0x6110df298b411a46d6edce72f5caca9ad826c1de-22992
225,1716304783,-3118460915525477,22993,0x6110df298b411a46d6edce72f5caca9ad826c1de-22993
226,1716304809,-3118240503520809,22994,0x6110df298b411a46d6edce72f5caca9ad826c1de-22994
227,1716305421,-3113052344026310,22995,0x6110df298b411a46d6edce72f5caca9ad826c1de-22995
228,1716305427,-3113001479717541,22996,0x6110df298b411a46d6edce72f5caca9ad826c1de-22996
229,1716306299,-3103605578860911,22997,0x6110df298b411a46d6edce72f5caca9ad826c1de-22997
230,1716306305,-3103540928166944,22998,0x6110df298b411a46d6edce72f5caca9ad826c1de-22998
231,1716306315,-3103427269093263,22999,0x6110df298b411a46d6edce72f5caca9ad826c1de-22999
232,1716307167,-3093743516015592,23000,0x6110df298b411a46d6edce72f5caca9ad826c1de-23000
233,1716310497,-3055895044479624,23001,0x6110df298b411a46d6edce72f5caca9ad826c1de-23001
234,1716310503,-3055826849035416,23002,0x6110df298b411a46d6edce72f5caca9ad826c1de-23002
235,1716314721,-3005188723865259,23003,0x6110df298b411a46d6edce72f5caca9ad826c1de-23003
236,1716314727,-3005116692392756,23004,0x6110df298b411a46d6edce72f5caca9ad826c1de-23004
237,1716316397,-2984259979139685,23005,0x6110df298b411a46d6edce72f5caca9ad826c1de-23005
238,1716316403,-2984185044840573,23006,0x6110df298b411a46d6edce72f5caca9ad826c1de-23006
239,1716319339,-2945492920117956,23007,0x6110df298b411a46d6edce72f5caca9ad826c1de-23007
240,1716319345,-2945413849018387,23008,0x6110df298b411a46d6edce72f5caca9ad826c1de-23008
241,1716327715,-2829681941682816,23009,0x6110df298b411a46d6edce72f5caca9ad826c1de-23009
242,1716327955,-2826363464053123,23010,0x6110df298b411a46d6edce72f5caca9ad826c1de-23010
243,1716327955,-2826363464053123,23011,0x6110df298b411a46d6edce72f5caca9ad826c1de-23011
244,1716327961,-2826280502112381,23012,0x6110df298b411a46d6edce72f5caca9ad826c1de-23012
245,1716333653,-2741012530907029,23013,0x6110df298b411a46d6edce72f5caca9ad826c1de-23013
246,1716333659,-2740922648997818,23014,0x6110df298b411a46d6edce72f5caca9ad826c1de-23014
247,1716340415,-2632711810668024,23015,0x6110df298b411a46d6edce72f5caca9ad826c1de-23015
248,1716340421,-2632615708680165,23016,0x6110df298b411a46d6edce72f5caca9ad826c1de-23016
249,1716344323,-2564223375721994,23017,0x6110df298b411a46d6edce72f5caca9ad826c1de-23017
250,1716344329,-2564118210679004,23018,0x6110df298b411a46d6edce72f5caca9ad826c1de-23018
251,1716345507,-2542172423471240,23019,0x6110df298b411a46d6edce72f5caca9ad826c1de-23019
252,1716345507,-2542172423471240,23020,0x6110df298b411a46d6edce72f5caca9ad826c1de-23020
253,1716345513,-2542060645268145,23021,0x6110df298b411a46d6edce72f5caca9ad826c1de-23021
254,1716346301,-2526796327097192,23022,0x6110df298b411a46d6edce72f5caca9ad826c1de-23022
255,1716346301,-2526796327097192,23023,0x6110df298b411a46d6edce72f5caca9ad826c1de-23023
256,1716346307,-2526680101324317,23024,0x6110df298b411a46d6edce72f5caca9ad826c1de-23024
257,1716349437,-2462408342211680,23025,0x6110df298b411a46d6edce72f5caca9ad826c1de-23025
258,1716382525,-1782975765368561,23026,0x6110df298b411a46d6edce72f5caca9ad826c1de-23026
259,1716382531,-1782852560718505,23027,0x6110df298b411a46d6edce72f5caca9ad826c1de-23027
260,1716383813,-1754503902552749,23028,0x6110df298b411a46d6edce72f5caca9ad826c1de-23028
261,1716392345,-1565837169736657,23029,0x6110df298b411a46d6edce72f5caca9ad826c1de-23029
262,1716392351,-1565704492709361,23030,0x6110df298b411a46d6edce72f5caca9ad826c1de-23030
263,1716440005,-453088544828508,23031,0x6110df298b411a46d6edce72f5caca9ad826c1de-23031
264,1716440005,-453088544828508,23032,0x6110df298b411a46d6edce72f5caca9ad826c1de-23032
265,1716440011,-452948458042776,23033,0x6110df298b411a46d6edce72f5caca9ad826c1de-23033
266,1716444427,-347953386602499,23034,0x6110df298b411a46d6edce72f5caca9ad826c1de-23034
267,1716444433,-347810730255434,23035,0x6110df298b411a46d6edce72f5caca9ad826c1de-23035
268,1716444615,-344594311381111,23036,0x6110df298b411a46d6edce72f5caca9ad826c1de-23036
269,1716448565,-274787418229595,23037,0x6110df298b411a46d6edce72f5caca9ad826c1de-23037
270,1716448571,-274681382442530,23038,0x6110df298b411a46d6edce72f5caca9ad826c1de-23038
271,1716450017,-254105930226389,23039,0x6110df298b411a46d6edce72f5caca9ad826c1de-23039
272,1716456899,-156180437728820,23040,0x6110df298b411a46d6edce72f5caca9ad826c1de-23040
273,1716456905,-156095062408422,23041,0x6110df298b411a46d6edce72f5caca9ad826c1de-23041
274,1716463341,-74324560686285,23042,0x6110df298b411a46d6edce72f5caca9ad826c1de-23042
275,1716463451,-72926991514527,23043,0x6110df298b411a46d6edce72f5caca9ad826c1de-23043
276,1716463457,-72850760468795,23044,0x6110df298b411a46d6edce72f5caca9ad826c1de-23044
277,1716470089,18778844302819,23045,0x6110df298b411a46d6edce72f5caca9ad826c1de-23045
278,1716470089,18778844302819,23046,0x6110df298b411a46d6edce72f5caca9ad826c1de-23046
279,1716470095,18861742015217,23047,0x6110df298b411a46d6edce72f5caca9ad826c1de-23047
280,1716471947,45508031729866,23048,0x6110df298b411a46d6edce72f5caca9ad826c1de-23048
281,1716471947,45508031729866,23049,0x6110df298b411a46d6edce72f5caca9ad826c1de-23049
282,1716471953,45594358802375,23050,0x6110df298b411a46d6edce72f5caca9ad826c1de-23050
283,1716472011,56016048168635,23051,0x6110df298b411a46d6edce72f5caca9ad826c1de-23051
284,1716472011,56016048168635,23052,0x6110df298b411a46d6edce72f5caca9ad826c1de-23052
285,1716472019,57453522563981,23053,0x6110df298b411a46d6edce72f5caca9ad826c1de-23053
286,1716472209,75890377231231,23054,0x6110df298b411a46d6edce72f5caca9ad826c1de-23054
287,1716472215,76472593694407,23055,0x6110df298b411a46d6edce72f5caca9ad826c1de-23055
288,1716483693,241616283405391,23056,0x6110df298b411a46d6edce72f5caca9ad826c1de-23056
289,1716483699,241702610477900,23057,0x6110df298b411a46d6edce72f5caca9ad826c1de-23057
290,1716485627,274860576984931,23058,0x6110df298b411a46d6edce72f5caca9ad826c1de-23058
291,1716485633,274963765677380,23059,0x6110df298b411a46d6edce72f5caca9ad826c1de-23059
292,1716486295,288835095855393,23060,0x6110df298b411a46d6edce72f5caca9ad826c1de-23060
293,1716486301,288960817881175,23061,0x6110df298b411a46d6edce72f5caca9ad826c1de-23061
294,1716486821,297681142577889,23062,0x6110df298b411a46d6edce72f5caca9ad826c1de-23062
295,1716487987,317234793724752,23063,0x6110df298b411a46d6edce72f5caca9ad826c1de-23063
296,1716487993,317335412855867,23064,0x6110df298b411a46d6edce72f5caca9ad826c1de-23064
297,1716499955,528141535313315,23065,0x6110df298b411a46d6edce72f5caca9ad826c1de-23065
298,1716499955,528141535313315,23066,0x6110df298b411a46d6edce72f5caca9ad826c1de-23066
299,1716499961,528247273211220,23067,0x6110df298b411a46d6edce72f5caca9ad826c1de-23067
300,1716503279,1565184667411585,23068,0x6110df298b411a46d6edce72f5caca9ad826c1de-23068
301,1716503285,1567059780240157,23069,0x6110df298b411a46d6edce72f5caca9ad826c1de-23069
302,1716503527,1571324542122342,23070,0x6110df298b411a46d6edce72f5caca9ad826c1de-23070
303,1716529893,2035972111484747,23071,0x6110df298b411a46d6edce72f5caca9ad826c1de-23071
304,1716532257,2077632843259484,23072,0x6110df298b411a46d6edce72f5caca9ad826c1de-23072
305,1716532263,2077738581157389,23073,0x6110df298b411a46d6edce72f5caca9ad826c1de-23073
306,1716536829,2165453558861794,23074,0x6110df298b411a46d6edce72f5caca9ad826c1de-23074
307,1716536829,2165453558861794,23075,0x6110df298b411a46d6edce72f5caca9ad826c1de-23075
308,1716536835,2165568821644585,23076,0x6110df298b411a46d6edce72f5caca9ad826c1de-23076
309,1716544229,2324110503202397,23077,0x6110df298b411a46d6edce72f5caca9ad826c1de-23077
310,1716544235,2324239154823893,23078,0x6110df298b411a46d6edce72f5caca9ad826c1de-23078
311,1716547185,2391330226439250,23079,0x6110df298b411a46d6edce72f5caca9ad826c1de-23079
312,1716547185,2391330226439250,23080,0x6110df298b411a46d6edce72f5caca9ad826c1de-23080
313,1716547191,2391466682856094,23081,0x6110df298b411a46d6edce72f5caca9ad826c1de-23081
314,1716549221,2391475095344986,23082,0x6110df298b411a46d6edce72f5caca9ad826c1de-23082
315,1716549227,2391475120209485,23083,0x6110df298b411a46d6edce72f5caca9ad826c1de-23083
316,1716550439,2391480142838321,23084,0x6110df298b411a46d6edce72f5caca9ad826c1de-23084
317,1716550557,2391480631840138,23085,0x6110df298b411a46d6edce72f5caca9ad826c1de-23085
318,1716550595,2391480789315299,23086,0x6110df298b411a46d6edce72f5caca9ad826c1de-23086
319,1716550779,2391481551826607,23087,0x6110df298b411a46d6edce72f5caca9ad826c1de-23087
320,1716552149,2391487229220588,23088,0x6110df298b411a46d6edce72f5caca9ad826c1de-23088
321,1716552751,2391489723958673,23089,0x6110df298b411a46d6edce72f5caca9ad826c1de-23089
322,1716553007,2391490784843971,23090,0x6110df298b411a46d6edce72f5caca9ad826c1de-23090
323,1716553187,2391491530778946,23091,0x6110df298b411a46d6edce72f5caca9ad826c1de-23091
324,1716553199,2391491580507944,23092,0x6110df298b411a46d6edce72f5caca9ad826c1de-23092
325,1716553211,2391491630236942,23093,0x6110df298b411a46d6edce72f5caca9ad826c1de-23093
326,1716553225,2391491688254106,23094,0x6110df298b411a46d6edce72f5caca9ad826c1de-23094
327,1716553237,2391491737983104,23095,0x6110df298b411a46d6edce72f5caca9ad826c1de-23095
328,1716553249,2391491787712102,23096,0x6110df298b411a46d6edce72f5caca9ad826c1de-23096
329,1716553263,2391491845729266,23097,0x6110df298b411a46d6edce72f5caca9ad826c1de-23097
330,1716553277,2391491903746430,23098,0x6110df298b411a46d6edce72f5caca9ad826c1de-23098
331,1716558255,2391512532992591,23099,0x6110df298b411a46d6edce72f5caca9ad826c1de-23099
332,1716558261,2391512557857090,23100,0x6110df298b411a46d6edce72f5caca9ad826c1de-23100
333,1716558403,2387190378592679,23101,0x6110df298b411a46d6edce72f5caca9ad826c1de-23101
334,1716562163,2272743941732214,23102,0x6110df298b411a46d6edce72f5caca9ad826c1de-23102
335,1716574213,1905967461900137,23103,0x6110df298b411a46d6edce72f5caca9ad826c1de-23103
336,1716588451,1472592895937556,23104,0x6110df298b411a46d6edce72f5caca9ad826c1de-23104
337,1716600227,1114156395812864,23105,0x6110df298b411a46d6edce72f5caca9ad826c1de-23105
338,1716600239,1113791141227140,23106,0x6110df298b411a46d6edce72f5caca9ad826c1de-23106
339,1716600251,1113425886641416,23107,0x6110df298b411a46d6edce72f5caca9ad826c1de-23107
340,1716600265,1112999756291404,23108,0x6110df298b411a46d6edce72f5caca9ad826c1de-23108
341,1716600277,1112634501705680,23109,0x6110df298b411a46d6edce72f5caca9ad826c1de-23109
342,1716620577,494745494187742,23110,0x6110df298b411a46d6edce72f5caca9ad826c1de-23110
343,1716625197,354122478683660,23111,0x6110df298b411a46d6edce72f5caca9ad826c1de-23111
344,1716625203,353939851390798,23112,0x6110df298b411a46d6edce72f5caca9ad826c1de-23112
345,1716625205,353924452810626,23113,0x6110df298b411a46d6edce72f5caca9ad826c1de-23113
346,1716630747,311254987153241,23114,0x6110df298b411a46d6edce72f5caca9ad826c1de-23114
347,1716630747,311254987153241,23115,0x6110df298b411a46d6edce72f5caca9ad826c1de-23115
348,1716630753,311208791412725,23116,0x6110df298b411a46d6edce72f5caca9ad826c1de-23116
349,1716923019,965550708568891,23117,0x6110df298b411a46d6edce72f5caca9ad826c1de-23117
350,1716926733,973865825210299,23118,0x6110df298b411a46d6edce72f5caca9ad826c1de-23118
351,1716926733,973865825210299,23119,0x6110df298b411a46d6edce72f5caca9ad826c1de-23119
352,1716926739,973879258355115,23120,0x6110df298b411a46d6edce72f5caca9ad826c1de-23120
353,1716979161,402986502722158,23121,0x6110df298b411a46d6edce72f5caca9ad826c1de-23121
354,1716979161,402986502722158,23122,0x6110df298b411a46d6edce72f5caca9ad826c1de-23122
355,1716979167,402921160756308,23123,0x6110df298b411a46d6edce72f5caca9ad826c1de-23123
356,1716993161,434251732183307,23124,0x6110df298b411a46d6edce72f5caca9ad826c1de-23124
357,1716993997,436123417027738,23125,0x6110df298b411a46d6edce72f5caca9ad826c1de-23125
358,1716993997,436123417027738,23126,0x6110df298b411a46d6edce72f5caca9ad826c1de-23126
359,1716994003,436136850172554,23127,0x6110df298b411a46d6edce72f5caca9ad826c1de-23127
360,1717131389,1158661597003863,23128,0x6110df298b411a46d6edce72f5caca9ad826c1de-23128
361,1717131389,1158661597003863,23129,0x6110df298b411a46d6edce72f5caca9ad826c1de-23129
362,1717131395,1158693151518012,23130,0x6110df298b411a46d6edce72f5caca9ad826c1de-23130
363,1717225441,1732729989664889,23131,0x6110df298b411a46d6edce72f5caca9ad826c1de-23131
364,1717225441,1732729989664889,23132,0x6110df298b411a46d6edce72f5caca9ad826c1de-23132
365,1717225447,1732766612392372,23133,0x6110df298b411a46d6edce72f5caca9ad826c1de-23133
366,1717283779,-333002244349663,23134,0x6110df298b411a46d6edce72f5caca9ad826c1de-23134
367,1717283779,-333002244349663,23135,0x6110df298b411a46d6edce72f5caca9ad826c1de-23135
368,1717283779,-333002244349663,23136,0x6110df298b411a46d6edce72f5caca9ad826c1de-23136
369,1717283785,-333214728288846,23137,0x6110df298b411a46d6edce72f5caca9ad826c1de-23137
370,1717290955,-556838067999802,23138,0x6110df298b411a46d6edce72f5caca9ad826c1de-23138
371,1717290955,-556838067999802,23139,0x6110df298b411a46d6edce72f5caca9ad826c1de-23139
372,1717290961,-557025200501652,23140,0x6110df298b411a46d6edce72f5caca9ad826c1de-23140
373,1717292205,-596874815449698,23141,0x6110df298b411a46d6edce72f5caca9ad826c1de-23141
374,1717297815,-776582484146275,23142,0x6110df298b411a46d6edce72f5caca9ad826c1de-23142
375,1717297815,-776582484146275,23143,0x6110df298b411a46d6edce72f5caca9ad826c1de-23143
376,1717297821,-776774684861458,23144,0x6110df298b411a46d6edce72f5caca9ad826c1de-23144
377,1717302895,-793029003001642,23145,0x6110df298b411a46d6edce72f5caca9ad826c1de-23145
378,1717302901,-793048223716825,23146,0x6110df298b411a46d6edce72f5caca9ad826c1de-23146
379,1717321047,-669718073336813,23147,0x6110df298b411a46d6edce72f5caca9ad826c1de-23147
380,1717403527,-109138838059430,23148,0x6110df298b411a46d6edce72f5caca9ad826c1de-23148
381,1717498765,538150749832755,23149,0x6110df298b411a46d6edce72f5caca9ad826c1de-23149
382,1717498771,538191529117571,23150,0x6110df298b411a46d6edce72f5caca9ad826c1de-23150
383,1717498783,538176302302902,23151,0x6110df298b411a46d6edce72f5caca9ad826c1de-23151
384,1717517583,514320959321046,23152,0x6110df298b411a46d6edce72f5caca9ad826c1de-23152
385,1717522457,508136334762878,23153,0x6110df298b411a46d6edce72f5caca9ad826c1de-23153
386,1717522463,508128721355544,23154,0x6110df298b411a46d6edce72f5caca9ad826c1de-23154
387,1717522627,513089537110619,23155,0x6110df298b411a46d6edce72f5caca9ad826c1de-23155
388,1717535487,902090089612264,23156,0x6110df298b411a46d6edce72f5caca9ad826c1de-23156
389,1717535493,902271582871596,23157,0x6110df298b411a46d6edce72f5caca9ad826c1de-23157
390,1717535505,902385394774562,23158,0x6110df298b411a46d6edce72f5caca9ad826c1de-23158
391,1717783267,3252240786669676,23159,0x6110df298b411a46d6edce72f5caca9ad826c1de-23159
392,1717783267,3252240786669676,23160,0x6110df298b411a46d6edce72f5caca9ad826c1de-23160
393,1717783273,3252297692621159,23161,0x6110df298b411a46d6edce72f5caca9ad826c1de-23161
394,1717783583,3254301562698899,23162,0x6110df298b411a46d6edce72f5caca9ad826c1de-23162
395,1717783583,3254301562698899,23163,0x6110df298b411a46d6edce72f5caca9ad826c1de-23163
396,1717785639,3258904653656017,23164,0x6110df298b411a46d6edce72f5caca9ad826c1de-23164
397,1717785639,3258904653656017,23165,0x6110df298b411a46d6edce72f5caca9ad826c1de-23165
398,1717785639,3258904653656017,23166,0x6110df298b411a46d6edce72f5caca9ad826c1de-23166
399,1717785645,3258918086800833,23167,0x6110df298b411a46d6edce72f5caca9ad826c1de-23167
400,1717789459,3284264857466961,23168,0x6110df298b411a46d6edce72f5caca9ad826c1de-23168
401,1717789459,3284264857466961,23169,0x6110df298b411a46d6edce72f5caca9ad826c1de-23169
402,1717789465,3284304731778444,23170,0x6110df298b411a46d6edce72f5caca9ad826c1de-23170
403,1717808633,3541054471773532,23171,0x6110df298b411a46d6edce72f5caca9ad826c1de-23171
404,1717808679,3541670628286458,23172,0x6110df298b411a46d6edce72f5caca9ad826c1de-23172
405,1717808685,3541750996527274,23173,0x6110df298b411a46d6edce72f5caca9ad826c1de-23173
406,1717822507,3736721611732646,23174,0x6110df298b411a46d6edce72f5caca9ad826c1de-23174
407,1717822507,3736721611732646,23175,0x6110df298b411a46d6edce72f5caca9ad826c1de-23175
408,1717822513,3736806246640129,23176,0x6110df298b411a46d6edce72f5caca9ad826c1de-23176
409,1717822583,3736806330662609,23177,0x6110df298b411a46d6edce72f5caca9ad826c1de-23177
410,1717822719,3736806493906285,23178,0x6110df298b411a46d6edce72f5caca9ad826c1de-23178
411,1717822745,3736806525114634,23179,0x6110df298b411a46d6edce72f5caca9ad826c1de-23179
412,1717822765,3736806549121057,23180,0x6110df298b411a46d6edce72f5caca9ad826c1de-23180
413,1717822809,3736806601935187,23181,0x6110df298b411a46d6edce72f5caca9ad826c1de-23181
414,1717822823,3736806618739683,23182,0x6110df298b411a46d6edce72f5caca9ad826c1de-23182
415,1717822835,3736806633143536,23183,0x6110df298b411a46d6edce72f5caca9ad826c1de-23183
416,1717822869,3736806673954455,23184,0x6110df298b411a46d6edce72f5caca9ad826c1de-23184
417,1717837313,3736824011393157,23185,0x6110df298b411a46d6edce72f5caca9ad826c1de-23185
418,1717842571,3736830322681768,23186,0x6110df298b411a46d6edce72f5caca9ad826c1de-23186
419,1717848149,3736837018073147,23187,0x6110df298b411a46d6edce72f5caca9ad826c1de-23187
420,1717852815,3736842618771636,23188,0x6110df298b411a46d6edce72f5caca9ad826c1de-23188
421,1717853967,3736844001541601,23189,0x6110df298b411a46d6edce72f5caca9ad826c1de-23189
422,1717855127,3736845393914135,23190,0x6110df298b411a46d6edce72f5caca9ad826c1de-23190
423,1717863179,3736855058900041,23191,0x6110df298b411a46d6edce72f5caca9ad826c1de-23191
424,1717878039,3736872895672342,23192,0x6110df298b411a46d6edce72f5caca9ad826c1de-23192
425,1717885307,3736881619606466,23193,0x6110df298b411a46d6edce72f5caca9ad826c1de-23193
426,1717885401,3736881732436654,23194,0x6110df298b411a46d6edce72f5caca9ad826c1de-23194
427,1717885565,3736881929289322,23195,0x6110df298b411a46d6edce72f5caca9ad826c1de-23195
428,1717885627,3736882003709233,23196,0x6110df298b411a46d6edce72f5caca9ad826c1de-23196
429,1717885699,3736882090132355,23197,0x6110df298b411a46d6edce72f5caca9ad826c1de-23197
430,1717887929,3736884766848521,23198,0x6110df298b411a46d6edce72f5caca9ad826c1de-23198
431,1717890149,3736887431561475,23199,0x6110df298b411a46d6edce72f5caca9ad826c1de-23199
432,1717890249,3736887551593590,23200,0x6110df298b411a46d6edce72f5caca9ad826c1de-23200
433,1717903135,3736903018931939,23201,0x6110df298b411a46d6edce72f5caca9ad826c1de-23201
434,1717904347,3736904473721173,23202,0x6110df298b411a46d6edce72f5caca9ad826c1de-23202
435,1717917129,3736919816226122,23203,0x6110df298b411a46d6edce72f5caca9ad826c1de-23203
436,1717921907,3736925551360580,23204,0x6110df298b411a46d6edce72f5caca9ad826c1de-23204
437,1717923643,3736927635118097,23205,0x6110df298b411a46d6edce72f5caca9ad826c1de-23205
438,1717933493,3736939458281432,23206,0x6110df298b411a46d6edce72f5caca9ad826c1de-23206
439,1717936599,3736943186478926,23207,0x6110df298b411a46d6edce72f5caca9ad826c1de-23207
440,1717938773,3736945795977107,23208,0x6110df298b411a46d6edce72f5caca9ad826c1de-23208
441,1717939917,3736947169144503,23209,0x6110df298b411a46d6edce72f5caca9ad826c1de-23209
442,1717939973,3736947236362487,23210,0x6110df298b411a46d6edce72f5caca9ad826c1de-23210
443,1717939979,3736947243564413,23211,0x6110df298b411a46d6edce72f5caca9ad826c1de-23211
444,1717946035,3740991846042635,23212,0x6110df298b411a46d6edce72f5caca9ad826c1de-23212
445,1717946035,3740991846042635,23213,0x6110df298b411a46d6edce72f5caca9ad826c1de-23213
446,1717946041,3740995853244561,23214,0x6110df298b411a46d6edce72f5caca9ad826c1de-23214
447,1717948429,3689004272904803,23215,0x6110df298b411a46d6edce72f5caca9ad826c1de-23215
448,1717948467,3688176936199229,23216,0x6110df298b411a46d6edce72f5caca9ad826c1de-23216
449,1717959205,3454389000818860,23217,0x6110df298b411a46d6edce72f5caca9ad826c1de-23217
450,1717959205,3454389000818860,23218,0x6110df298b411a46d6edce72f5caca9ad826c1de-23218
451,1717959211,3454258368707454,23219,0x6110df298b411a46d6edce72f5caca9ad826c1de-23219
452,1717959399,3447599229624720,23220,0x6110df298b411a46d6edce72f5caca9ad826c1de-23220
453,1717962833,3325963678507108,23221,0x6110df298b411a46d6edce72f5caca9ad826c1de-23221
454,1717963835,3290471884034235,23222,0x6110df298b411a46d6edce72f5caca9ad826c1de-23222
455,1717965131,3244566329506447,23223,0x6110df298b411a46d6edce72f5caca9ad826c1de-23223
456,1717965411,3234648462787481,23224,0x6110df298b411a46d6edce72f5caca9ad826c1de-23224
457,1717968897,3111171022136347,23225,0x6110df298b411a46d6edce72f5caca9ad826c1de-23225
458,1717974831,2900983089599391,23226,0x6110df298b411a46d6edce72f5caca9ad826c1de-23226
459,1717977633,2801733580504590,23227,0x6110df298b411a46d6edce72f5caca9ad826c1de-23227
460,1717977919,2791603188070217,23228,0x6110df298b411a46d6edce72f5caca9ad826c1de-23228
461,1717977933,2791107294734269,23229,0x6110df298b411a46d6edce72f5caca9ad826c1de-23229
462,1717978207,2781401953730709,23230,0x6110df298b411a46d6edce72f5caca9ad826c1de-23230
463,1717978485,2771554928916878,23231,0x6110df298b411a46d6edce72f5caca9ad826c1de-23231
464,1717989919,2366551757257363,23232,0x6110df298b411a46d6edce72f5caca9ad826c1de-23232
465,1717991335,2316395688421447,23233,0x6110df298b411a46d6edce72f5caca9ad826c1de-23233
