,x,open,high,low,close
0,2024-04-30 13:00:00,0.013257010277823777,0.013257010277823777,0.013257010277823777,0.013257010277823777
1,2024-04-30 14:00:00,0.015147051533839662,0.015147051533839662,0.015147051533839662,0.015147051533839662
2,2024-04-30 15:00:00,0.01760927399717982,0.01760927399717982,0.01760927399717982,0.01760927399717982
3,2024-04-30 16:00:00,0.018835100895899126,0.018837753883208297,-0.09968124837347103,-0.09968124837347103
4,2024-04-30 17:00:00,-0.060476542621293206,-0.054348532076553435,-0.08784995458250011,-0.054348532076553435
5,2024-04-30 18:00:00,0.08288879166612095,0.08392251433460896,-0.1528124124939514,-0.1528124124939514
6,2024-04-30 19:00:00,-0.15206319241115707,-0.1295923393086824,-0.15206319241115707,-0.1353190417376129
7,2024-04-30 20:00:00,-0.014940849009898338,0.013617219845852624,-0.014940849009898338,0.013617219845852624
8,2024-04-30 21:00:00,0.38872915671913777,0.4752708941232968,0.38872915671913777,0.4752708941232968
9,2024-04-30 22:00:00,0.4565384482895638,0.4565384482895638,-0.03237875991824024,-0.03237875991824024
10,2024-04-30 23:00:00,-0.19119105134684877,-0.19119105134684877,-0.19165392723891783,-0.19157889525309968
11,2024-05-01 00:00:00,-0.18545298104963026,0.08143780673244994,-0.1907794586922631,0.08143780673244994
12,2024-05-01 01:00:00,0.2507356188830383,0.2738626254381207,0.2507356188830383,0.2738626254381207
13,2024-05-01 02:00:00,0.5098967770808518,0.5104252232729922,0.5098967770808518,0.5104252232729922
14,2024-05-01 03:00:00,0.5427233453413538,0.5576757025460095,0.5427233453413538,0.5576757025460095
15,2024-05-01 04:00:00,0.5610038656218141,0.5756550503369087,0.5610038656218141,0.5756550503369087
16,2024-05-01 05:00:00,0.601256509015585,0.601256509015585,0.601256509015585,0.601256509015585
17,2024-05-01 06:00:00,0.6341568608213155,0.6435213689572314,0.6341568608213155,0.6435213689572314
18,2024-05-01 07:00:00,0.6611129187848768,0.6672063182292127,0.6611129187848768,0.6672063182292127
19,2024-05-01 09:00:00,0.7390653993446452,0.758086626142358,0.7390653993446452,0.758086626142358
20,2024-05-01 10:00:00,0.7908562179281231,0.7910664799741494,0.7908562179281231,0.7910664799741494
21,2024-05-01 11:00:00,0.7910695646457948,0.7910695692043579,0.7910695646457948,0.7910695692043579
22,2024-05-01 12:00:00,0.7614272110367701,0.7614272110367701,0.7614272110367701,0.7614272110367701
23,2024-05-01 13:00:00,0.7405794223500628,0.7405794223500628,0.7383908192378539,0.7389174752537175
24,2024-05-01 14:00:00,0.7463121031979836,0.7463121031979836,0.7463121031979836,0.7463121031979836
25,2024-05-01 15:00:00,0.7478209563663014,0.7501329534649728,0.7478209563663014,0.7501329534649728
26,2024-05-01 16:00:00,0.7763692919840663,0.7777242132215401,0.11462378059559564,0.11462378059559564
27,2024-05-01 17:00:00,-0.15488618200214122,-0.15488618200214122,-0.15549750404351914,-0.15542000941142697
28,2024-05-01 18:00:00,-0.14270436526829178,-0.1426875090164179,-0.14270436526829178,-0.1426875090164179
29,2024-05-01 19:00:00,0.24544955006387603,0.24661034157993922,0.24544955006387603,0.24661034157993922
30,2024-05-01 20:00:00,0.3064574110160361,0.306680724991617,0.11863794889697887,0.1921574237235355
31,2024-05-01 21:00:00,0.09186739764344654,0.09186739764344654,0.09172208734272425,0.09183896903995326
32,2024-05-01 22:00:00,0.09664187855189144,0.09790908251864572,0.09664187855189144,0.09790908251864572
33,2024-05-01 23:00:00,0.12812942716704634,0.12812942716704634,0.12812942716704634,0.12812942716704634
34,2024-05-02 00:00:00,0.1865314431274523,0.1865868243311759,0.1865314431274523,0.1865868243311759
35,2024-05-02 02:00:00,0.2321705841829873,0.26103270645094256,0.2321705841829873,0.26103270645094256
36,2024-05-02 03:00:00,0.2627321364392057,0.2628077196486487,0.2618484422931524,0.2618639042432487
37,2024-05-02 06:00:00,0.2644973210456891,0.26587169037739544,0.25405790868617295,0.26587169037739544
38,2024-05-02 07:00:00,0.3652566265156161,0.36541693220675064,0.30978421656134736,0.30978421656134736
39,2024-05-02 08:00:00,0.2712345038591859,0.2712345038591859,0.24631641676131322,0.24631641676131322
40,2024-05-02 09:00:00,-0.01807670405776529,-0.01807670405776529,-0.018498850549036328,-0.018382193294877114
41,2024-05-02 11:00:00,0.000987975778763417,0.000987975778763417,0.000987975778763417,0.000987975778763417
42,2024-05-02 12:00:00,0.017781297887689007,0.017800395461442742,0.017781297887689007,0.017800395461442742
43,2024-05-02 13:00:00,-0.22787711599734517,-0.22787711599734517,-0.24573767195626472,-0.24573767195626472
44,2024-05-02 14:00:00,-0.24571671790350147,-0.24571671790350147,-0.24571671790350147,-0.24571671790350147
45,2024-05-02 15:00:00,-0.24563915677355974,-0.24563915677355974,-0.24563915677355974,-0.24563915677355974
46,2024-05-02 17:00:00,-0.24546004887168316,-0.24545991840620274,-0.24546004887168316,-0.24545991840620274
47,2024-05-02 18:00:00,-0.23969728033393356,-0.2395534199737145,-0.23969728033393356,-0.2395534199737145
48,2024-05-02 19:00:00,-0.2382432788365182,-0.23472905982424275,-0.2382432788365182,-0.23497108628776964
49,2024-05-02 21:00:00,-0.21971584781599052,-0.18912065347807339,-0.21971584781599052,-0.18912065347807339
50,2024-05-02 22:00:00,-0.18817901141498683,0.08762954214524243,-0.18817901141498683,0.08762173071646528
51,2024-05-02 23:00:00,0.08636969654864912,0.08636969654864912,0.08431303776615295,0.08445522588325893
52,2024-05-03 00:00:00,0.08841007113795363,0.2546083076878345,0.08841007113795363,0.2546083076878345
53,2024-05-03 02:00:00,0.7922359062415416,0.7930386882454834,0.7922359062415416,0.7930386882454834
54,2024-05-03 05:00:00,0.8552925441960024,0.8552925441960024,0.8552925441960024,0.8552925441960024
55,2024-05-03 07:00:00,0.8907051323895034,0.8907391347535458,0.8907051323895034,0.8907391347535458
56,2024-05-03 08:00:00,0.8891651075434364,0.8891651075434364,0.8891624026051002,0.8891624026051002
57,2024-05-03 15:00:00,2.0956188506574405,2.0956188506574405,2.0956188506574405,2.0956188506574405
58,2024-05-03 16:00:00,2.2257770523434472,2.2261180013318316,2.2257770523434472,2.2261180013318316
59,2024-05-03 17:00:00,2.242271850949979,2.2422948431479726,2.242271850949979,2.2422948431479726
60,2024-05-03 18:00:00,2.270171997554516,2.2702611991971913,2.270171997554516,2.2702611991971913
61,2024-05-03 19:00:00,2.2702947362194146,2.2702947362194146,2.2702947362194146,2.2702947362194146
62,2024-05-03 21:00:00,2.2703258753284143,2.270344693441863,2.268626698350362,2.268626698350362
63,2024-05-04 01:00:00,1.5814735940256512,1.5814735940256512,1.5811603787543858,1.5811603787543858
64,2024-05-04 03:00:00,1.1775181310215515,1.1775181310215515,1.1726105327419782,1.1726105327419782
65,2024-05-04 04:00:00,1.0668997101371125,1.0668997101371125,0.9757786487615947,0.9757786487615947
66,2024-05-04 05:00:00,0.9060506676798457,0.9060506676798457,0.873144527626148,0.873144527626148
67,2024-05-04 09:00:00,0.3525656373776156,0.3525656373776156,0.3525656373776156,0.3525656373776156
68,2024-05-04 10:00:00,0.31249011804656335,0.31249011804656335,0.31249011804656335,0.31249011804656335
69,2024-05-04 11:00:00,0.17480731506693603,0.17480731506693603,0.17464616976605907,0.17464616976605907
70,2024-05-04 12:00:00,0.14223872564407736,0.14223872564407736,0.14223872564407736,0.14223872564407736
71,2024-05-04 18:00:00,-0.012254135224903151,-0.012254135224903151,-0.012254135224903151,-0.012254135224903151
72,2024-05-04 20:00:00,-0.04501173119546098,-0.04501173119546098,-0.04860222567750072,-0.04860222567750072
73,2024-05-04 21:00:00,-0.06130841661420816,-0.06130841661420816,-0.06572399172583543,-0.06572399172583543
74,2024-05-04 22:00:00,-0.07510491466730063,-0.07510491466730063,-0.07531762639202555,-0.07531762639202555
75,2024-05-04 23:00:00,-0.07527738809466034,-0.07524085662885216,-0.07527738809466034,-0.07524085662885216
76,2024-05-05 00:00:00,-0.07522355903123479,-0.07518284613205772,-0.08194644182183153,-0.08194644182183153
77,2024-05-05 01:00:00,-0.08472426868343186,-0.08472426868343186,-0.2365948440589689,-0.2365948440589689
78,2024-05-05 02:00:00,-0.37623297652132903,-0.37623297652132903,-0.3799670257974618,-0.3799670257974618
79,2024-05-05 05:00:00,-0.43258820210617177,-0.43258820210617177,-0.4326115076150653,-0.4326115076150653
80,2024-05-05 06:00:00,-0.43261361057220926,-0.43261361057220926,-0.4326145883362179,-0.4326145883362179
81,2024-05-05 07:00:00,-0.4158939986372232,-0.4009729544225068,-0.4158939986372232,-0.4009729544225068
82,2024-05-05 08:00:00,-0.37749568404064227,-0.37743865956295297,-0.37749568404064227,-0.37743865956295297
83,2024-05-05 09:00:00,-0.3434991786220224,-0.34236613226768253,-0.35390944799368595,-0.34236613226768253
84,2024-05-05 10:00:00,-0.33776280824725036,-0.32217462302564026,-0.33776280824725036,-0.32217462302564026
85,2024-05-05 12:00:00,-0.29891901670974563,-0.29891901670974563,-0.29891901670974563,-0.29891901670974563
86,2024-05-05 13:00:00,-0.2797518458962851,-0.2670792921695325,-0.2797518458962851,-0.2670792921695325
87,2024-05-05 14:00:00,-0.259070517331941,-0.259070517331941,-0.259070517331941,-0.259070517331941
88,2024-05-05 15:00:00,-0.2381254410048287,-0.22296647554720483,-0.2381254410048287,-0.22296647554720483
89,2024-05-05 19:00:00,-0.14558165693943892,-0.14558165693943892,-0.14558165693943892,-0.14558165693943892
90,2024-05-05 20:00:00,-0.12318003385636489,-0.12318003385636489,-0.12318003385636489,-0.12318003385636489
91,2024-05-05 21:00:00,-0.09060377554971333,-0.08537021404431655,-0.09060377554971333,-0.08537021404431655
92,2024-05-05 22:00:00,-0.052341255872067616,-0.052341255872067616,-0.052341255872067616,-0.052341255872067616
93,2024-05-05 23:00:00,-0.029310497342161734,-0.029310497342161734,-0.029310497342161734,-0.029310497342161734
94,2024-05-06 00:00:00,-0.019948692456691064,-0.0156732478405065,-0.019948692456691064,-0.0156732478405065
95,2024-05-06 01:00:00,0.006789493226592613,0.027239618229607743,0.006789493226592613,0.027239618229607743
96,2024-05-06 02:00:00,0.028375858082915872,0.028847003744301825,0.028375858082915872,0.028847003744301825
97,2024-05-06 09:00:00,0.08283474035499072,0.094023580105701,0.08283474035499072,0.09396062701417773
98,2024-05-06 13:00:00,0.09399960242563599,0.0940042190778958,0.09399960242563599,0.0940042190778958
99,2024-05-06 14:00:00,0.09400950913457629,0.09401324129352995,0.09360733352337136,0.09360733352337136
100,2024-05-06 15:00:00,0.09114313564473253,0.0911464902051895,0.09113577347464918,0.0911464902051895
101,2024-05-06 16:00:00,0.09116126398831104,0.09119714400650425,0.09116126398831104,0.09119714400650425
102,2024-05-06 17:00:00,0.09121285654169942,0.09122575506017783,0.09121285654169942,0.09122575506017783
103,2024-05-06 18:00:00,0.09125197469909052,0.1059001758693987,0.09125197469909052,0.10551711911438066
104,2024-05-06 19:00:00,0.10442482157930377,0.10442482157930377,0.10426021063484292,0.10426021063484292
105,2024-05-06 20:00:00,0.10371499862946632,0.10371499862946632,0.10064433895709013,0.10064433895709013
106,2024-05-06 21:00:00,0.10064853132071483,0.10064951490159091,0.10064853132071483,0.10064951490159091
107,2024-05-06 22:00:00,0.10065471704957929,0.10065472826920407,0.09918238125904755,0.09918238125904755
108,2024-05-06 23:00:00,0.09751735131479311,0.09751735131479311,0.0920218364822103,0.0920218364822103
109,2024-05-07 00:00:00,0.09108410750429652,0.09108410750429652,0.09108410750429652,0.09108410750429652
110,2024-05-07 01:00:00,0.0903296108974565,0.0903296108974565,0.08997205159808108,0.08997205159808108
111,2024-05-07 04:00:00,0.08691609834219549,0.08691609834219549,0.08553759107353742,0.08553759107353742
112,2024-05-07 06:00:00,0.07983494091308496,0.07983494091308496,0.07983494091308496,0.07983494091308496
113,2024-05-07 07:00:00,0.07774006792232235,0.07774006792232235,0.07394565310731971,0.07394565310731971
114,2024-05-07 08:00:00,0.06503581560888994,0.06503581560888994,0.03858742018845507,0.03858742018845507
115,2024-05-07 09:00:00,-0.07683210303634214,-0.07683210303634214,-0.07683210303634214,-0.07683210303634214
116,2024-05-07 10:00:00,-0.23849278266247598,-0.23849278266247598,-0.24751024631954577,-0.24751024631954577
117,2024-05-07 11:00:00,-0.24465530390999368,-0.24464217438251323,-0.2477750083343826,-0.2477750083343826
118,2024-05-07 12:00:00,-0.247739327379222,-0.247739327379222,-0.247739327379222,-0.247739327379222
119,2024-05-07 14:00:00,-0.24770300207972207,-0.24770300207972207,-0.24770300207972207,-0.24770300207972207
120,2024-05-07 16:00:00,-0.24763760891883613,-0.24763760891883613,-0.24763760891883613,-0.24763760891883613
121,2024-05-07 17:00:00,-0.2476204965048745,-0.24759652240456764,-0.2476204965048745,-0.24759652240456764
122,2024-05-07 20:00:00,-0.24752874163773542,-0.24752874163773542,-0.24752874163773542,-0.24752874163773542
123,2024-05-07 23:00:00,-0.2474479688376574,-0.24743342367230192,-0.2474479688376574,-0.24743342367230192
124,2024-05-08 00:00:00,-0.24739494593838907,-0.24739494593838907,-0.24739494593838907,-0.24739494593838907
125,2024-05-08 02:00:00,-0.24734976343824344,-0.24734976343824344,-0.24734976343824344,-0.24734976343824344
126,2024-05-08 06:00:00,-0.2472421728722196,-0.2472421728722196,-0.2472421728722196,-0.2472421728722196
127,2024-05-08 07:00:00,-0.2472014989042487,-0.2472014989042487,-0.2472014989042487,-0.2472014989042487
128,2024-05-08 08:00:00,-0.2471748426012368,-0.24717156274983798,-0.2471748426012368,-0.24717156274983798
129,2024-05-08 11:00:00,-0.24710060835806447,-0.24710056012031711,-0.28168567510893283,-0.28168567510893283
130,2024-05-08 12:00:00,-0.28464787343364595,-0.2451560809383475,-0.2846517477336227,-0.2451560809383475
131,2024-05-08 14:00:00,0.10380113180279427,0.10858492297840394,0.10380113180279427,0.10858492297840394
132,2024-05-08 15:00:00,0.25925985203476176,0.2594176315819372,0.25925985203476176,0.2594176315819372
133,2024-05-08 16:00:00,0.5994268076042815,0.6107697114844872,0.5994268076042815,0.6107697114844872
134,2024-05-08 17:00:00,0.6178259743155345,0.6191502374619224,0.6178259743155345,0.6191502374619224
135,2024-05-08 18:00:00,0.6218091037216491,0.6218091037216491,0.6218091037216491,0.6218091037216491
136,2024-05-08 19:00:00,0.6288138168107358,0.6315848788812142,0.6288138168107358,0.6315848788812142
137,2024-05-08 20:00:00,0.6374169143155373,0.637687514498827,0.6374169143155373,0.637687514498827
138,2024-05-08 21:00:00,0.6402759863990888,0.6403869533248299,0.6402759863990888,0.6403869533248299
139,2024-05-08 22:00:00,0.6420125858869838,0.6420125858869838,0.6420125858869838,0.6420125858869838
140,2024-05-09 00:00:00,0.6458939945919984,0.6458939945919984,0.6458939945919984,0.6458939945919984
141,2024-05-09 01:00:00,0.6484527226565475,0.6484582295699668,0.30662603074328376,0.30662603074328376
142,2024-05-09 02:00:00,0.08452844102375834,0.08452844102375834,0.08387175162152127,0.08387832015982366
143,2024-05-09 03:00:00,0.08558842759539864,0.16330877558573964,0.08558842759539864,0.16330877558573964
144,2024-05-09 04:00:00,0.19547580528832653,0.601141261052005,0.19547580528832653,0.601141261052005
145,2024-05-09 05:00:00,0.6048806051366873,0.6048806051366873,0.6048806051366873,0.6048806051366873
146,2024-05-09 08:00:00,0.6200900027824974,0.6231339036694499,0.6200900027824974,0.6231339036694499
147,2024-05-09 10:00:00,0.6366874938978726,0.6366974791566984,0.6366874938978726,0.6366974791566984
148,2024-05-09 12:00:00,0.09314760696467328,0.09314760696467328,0.0925332185098604,0.09253986747835219
149,2024-05-09 13:00:00,0.09536362137564214,0.09536362137564214,0.09536362137564214,0.09536362137564214
150,2024-05-09 16:00:00,0.10098320809676209,0.10098320809676209,0.10098320809676209,0.10098320809676209
151,2024-05-09 18:00:00,0.1038575140327096,0.1038575140327096,0.1038575140327096,0.1038575140327096
152,2024-05-09 19:00:00,0.10483392679272807,0.10483392679272807,0.10483392679272807,0.10483392679272807
153,2024-05-09 20:00:00,0.10624005115153357,0.10624005115153357,0.10624005115153357,0.10624005115153357
154,2024-05-09 23:00:00,0.1114658801171553,0.11174999804465724,0.1114658801171553,0.11174999804465724
155,2024-05-10 00:00:00,0.11382799726847526,0.11382799726847526,0.11382799726847526,0.11382799726847526
156,2024-05-10 03:00:00,0.11988761278695503,0.1199956837837024,0.11988761278695503,0.1199956837837024
157,2024-05-10 04:00:00,0.1207631895514858,0.1218939748548249,0.1207631895514858,0.1218939748548249
158,2024-05-10 07:00:00,0.12605058316361872,0.12605058316361872,0.12605058316361872,0.12605058316361872
159,2024-05-10 09:00:00,0.12970782282982785,0.154667775638051,0.12970782282982785,0.154667775638051
160,2024-05-10 10:00:00,0.46722676004017494,0.467982058946415,0.46722676004017494,0.467982058946415
161,2024-05-10 11:00:00,0.5520607895344884,0.5522916700290246,0.5520607895344884,0.5522916700290246
162,2024-05-10 12:00:00,0.5591138864843759,0.5591138864843759,0.5591138864843759,0.5591138864843759
163,2024-05-10 16:00:00,0.5929082375406909,0.5929311291110355,0.5929082375406909,0.5929311291110355
164,2024-05-10 20:00:00,0.6757012303546983,0.6757012303546983,0.6757012303546983,0.6757012303546983
165,2024-05-10 21:00:00,0.6882710412059334,0.6937708766339481,0.6882710412059334,0.6937708766339481
166,2024-05-10 22:00:00,0.6974232632813648,0.6974422407797143,0.3858656423991855,0.3858656423991855
167,2024-05-10 23:00:00,0.33302850577551557,0.33302850577551557,0.029043392455651906,0.029043392455651906
168,2024-05-11 00:00:00,0.0036249732758510955,0.04804704494036982,-0.002175372503392392,0.04804704494036982
169,2024-05-11 02:00:00,0.07213329563640136,0.07213329563640136,0.07213329563640136,0.07213329563640136
170,2024-05-11 03:00:00,0.08637948433316112,0.4841963086042991,0.08637948433316112,0.4841963086042991
171,2024-05-11 04:00:00,0.4874298776851942,0.4874298776851942,0.4874298776851942,0.4874298776851942
172,2024-05-11 05:00:00,0.49136195396155746,0.49136195396155746,0.49136195396155746,0.49136195396155746
173,2024-05-11 06:00:00,0.4975285425093776,0.49787867639885874,0.4975285425093776,0.49787867639885874
174,2024-05-11 07:00:00,0.5036919790099079,0.5036919790099079,0.5036919790099079,0.5036919790099079
175,2024-05-11 09:00:00,0.5109026699900543,0.5109112849191095,0.4726226780970213,0.4726226780970213
176,2024-05-11 10:00:00,0.478644540234622,0.478903127944883,0.478644540234622,0.478903127944883
177,2024-05-11 12:00:00,-0.1087882144758735,-0.1087882144758735,-0.10923282532524492,-0.10922804821781784
178,2024-05-11 17:00:00,-0.1017204802185343,-0.1017204802185343,-0.1017204802185343,-0.1017204802185343
179,2024-05-11 18:00:00,-0.10013259409170716,-0.1001301812065184,-0.10013259409170716,-0.1001301812065184
180,2024-05-11 19:00:00,0.08840671585529436,0.08840671585529436,0.08840671585529436,0.08840671585529436
181,2024-05-11 20:00:00,0.4284639462776825,0.4291879943995365,0.4284639462776825,0.4291879943995365
182,2024-05-11 22:00:00,0.5427750266981668,0.5428531912522863,0.5427750266981668,0.5428531912522863
183,2024-05-11 23:00:00,0.5569077745228448,0.5574512664955653,0.5569077745228448,0.5574512664955653
184,2024-05-12 00:00:00,0.5643992988660964,0.5643992988660964,0.5643992988660964,0.5643992988660964
185,2024-05-12 02:00:00,0.5735608728599564,0.5735608728599564,0.5735608728599564,0.5735608728599564
186,2024-05-12 08:00:00,0.6021197418836894,0.6021197418836894,0.6021197418836894,0.6021197418836894
187,2024-05-12 11:00:00,0.6177911485600576,0.6177993433392621,0.6177911485600576,0.6177993433392621
188,2024-05-12 13:00:00,0.656458061063542,0.656458061063542,0.656458061063542,0.656458061063542
189,2024-05-12 15:00:00,0.6856683768026366,0.6856683768026366,0.6856683768026366,0.6856683768026366
190,2024-05-12 16:00:00,0.6980567141696732,0.6980567141696732,0.6980567141696732,0.6980567141696732
191,2024-05-12 18:00:00,0.7459295124906105,0.7459295124906105,0.7459295124906105,0.7459295124906105
192,2024-05-12 19:00:00,0.7649377346415209,0.7649377346415209,0.7649377346415209,0.7649377346415209
193,2024-05-12 23:00:00,0.8353161185879108,0.8353500477191027,0.8353161185879108,0.8353500477191027
194,2024-05-13 00:00:00,0.8885580295400577,0.8886044091875474,0.8885580295400577,0.8886044091875474
195,2024-05-13 07:00:00,1.0819958526571773,1.0819958526571773,1.0819958526571773,1.0819958526571773
196,2024-05-13 09:00:00,1.1677768566014715,1.1677768566014715,1.1677768566014715,1.1677768566014715
197,2024-05-13 10:00:00,1.1773642430171858,1.1894401676881268,1.1773642430171858,1.1894401676881268
198,2024-05-13 11:00:00,1.1894506404006626,1.1894691523411942,1.1894506404006626,1.1894691523411942
199,2024-05-13 12:00:00,1.1115035381033298,1.1115035381033298,1.1115035381033298,1.1115035381033298
200,2024-05-13 13:00:00,0.8089998699200451,0.8089998699200451,0.7383188152279874,0.7383188152279874
201,2024-05-13 14:00:00,0.592867097549848,0.592867097549848,0.46074867639090544,0.46074867639090544
202,2024-05-13 15:00:00,0.38479560957218095,0.38479560957218095,0.36795433101933983,0.36795433101933983
203,2024-05-13 16:00:00,0.20002207635621416,0.20002207635621416,0.07341690578452287,0.07341690578452287
204,2024-05-13 17:00:00,-0.002758564444118261,-0.00266867690867445,-0.0029753135478070014,-0.00266867690867445
205,2024-05-13 18:00:00,-0.0009701937038256725,-0.0009701937038256725,-0.0009701937038256725,-0.0009701937038256725
206,2024-05-13 22:00:00,0.004909855225899262,0.005133081146386553,0.004909855225899262,0.005133081146386553
207,2024-05-13 23:00:00,0.011364763663769928,0.012519856641800109,0.011364763663769928,0.012519856641800109
208,2024-05-14 00:00:00,0.015452150668280096,0.015452150668280096,0.015452150668280096,0.015452150668280096
209,2024-05-14 01:00:00,0.01944793556621982,0.01944793556621982,0.01944793556621982,0.01944793556621982
210,2024-05-14 02:00:00,0.02621328641435361,0.02621328641435361,0.02621328641435361,0.02621328641435361
211,2024-05-14 03:00:00,0.02757779968004015,0.02757779968004015,0.02757779968004015,0.02757779968004015
212,2024-05-14 05:00:00,0.03680184393407737,0.03680184393407737,0.03680184393407737,0.03680184393407737
213,2024-05-14 06:00:00,0.04443872761136758,0.04443872761136758,0.04443872761136758,0.04443872761136758
214,2024-05-14 08:00:00,0.05119324011060922,0.06771867824071287,0.05119324011060922,0.06771867824071287
215,2024-05-14 09:00:00,0.10918835990937237,0.10918835990937237,0.10918835990937237,0.10918835990937237
216,2024-05-14 10:00:00,0.140064915816974,0.140064915816974,0.140064915816974,0.140064915816974
217,2024-05-14 12:00:00,0.20312290673230105,0.20312290673230105,0.20312290673230105,0.20312290673230105
218,2024-05-14 13:00:00,0.23252159789767424,0.23252159789767424,0.23252159789767424,0.23252159789767424
219,2024-05-14 14:00:00,0.2842058122068105,0.30317485212709205,0.2842058122068105,0.30317485212709205
220,2024-05-14 15:00:00,0.3403922653114191,0.3515239987874006,0.3403922653114191,0.3515239987874006
221,2024-05-14 16:00:00,0.3688320078052152,0.40081910922485586,0.3688320078052152,0.40081910922485586
222,2024-05-14 18:00:00,0.48184259365837767,0.48184259365837767,0.48184259365837767,0.48184259365837767
223,2024-05-14 19:00:00,0.5519481615233628,0.5519481615233628,0.5519481615233628,0.5519481615233628
224,2024-05-14 20:00:00,0.5807593352880245,0.5808484375906782,0.5807593352880245,0.5808484375906782
225,2024-05-14 21:00:00,0.5845596450171338,0.5845596450171338,0.5845596450171338,0.5845596450171338
226,2024-05-14 22:00:00,0.5904176421985294,0.5922923310830017,0.5904176421985294,0.5922923310830017
227,2024-05-15 00:00:00,0.6000265743412554,0.6022015172823216,0.6000265743412554,0.6022015172823216
228,2024-05-15 01:00:00,0.60766839494955,0.6076774564779681,0.4112309701938335,0.4450104583682315
229,2024-05-15 02:00:00,0.9549454682960756,0.9565696857393478,0.9549454682960756,0.9565696857393478
230,2024-05-15 03:00:00,0.9860815552303335,0.9860815552303335,0.9860815552303335,0.9860815552303335
231,2024-05-15 05:00:00,1.0232071119304424,1.0260092089855246,1.0232071119304424,1.0260092089855246
232,2024-05-15 06:00:00,1.029963865985677,1.0342969284997978,1.029963865985677,1.0342969284997978
233,2024-05-15 08:00:00,0.06993356740151824,0.06993356740151824,0.06993356740151824,0.06993356740151824
234,2024-05-15 09:00:00,-0.10091826339316656,-0.10091826339316656,-0.16702237231034567,-0.16702237231034567
235,2024-05-15 10:00:00,-0.19972800888764397,-0.19972800888764397,-0.20674959483084732,-0.20674959483084732
236,2024-05-15 15:00:00,0.32105534678708425,0.3212812399459586,0.32105534678708425,0.3212812399459586
237,2024-05-15 16:00:00,0.3272621571252028,0.3405938628475147,0.3272621571252028,0.3405938628475147
238,2024-05-15 18:00:00,0.40556951163224264,0.4129451459452105,0.40556951163224264,0.4129451459452105
239,2024-05-15 20:00:00,0.47213627854951223,0.492240698073513,0.4413275875135372,0.492240698073513
240,2024-05-15 21:00:00,0.5541638660532642,0.6564429338178381,0.5541638660532642,0.6564429338178381
241,2024-05-15 22:00:00,0.6776428079440373,0.6776428079440373,0.6776428079440373,0.6776428079440373
242,2024-05-15 23:00:00,0.6954835821694214,0.6966658717930889,0.6954835821694214,0.6966658717930889
243,2024-05-16 02:00:00,0.7864842639116654,0.7864842639116654,0.7864842639116654,0.7864842639116654
244,2024-05-16 03:00:00,0.8317754624615461,0.8317754624615461,0.8317754624615461,0.8317754624615461
245,2024-05-16 04:00:00,0.8421962386748081,0.8421962386748081,0.8421962386748081,0.8421962386748081
246,2024-05-16 07:00:00,0.9620952168127996,0.9649954022544815,0.9620952168127996,0.9649954022544815
247,2024-05-16 08:00:00,0.9883966055621229,0.9883966055621229,0.9883966055621229,0.9883966055621229
248,2024-05-16 09:00:00,1.0479313570687903,1.0497781694495791,1.0479313570687903,1.0497781694495791
249,2024-05-16 10:00:00,1.0628749671740358,1.0671971848742374,1.0628749671740358,1.0671971848742374
250,2024-05-16 11:00:00,0.9702482615727839,0.9702482615727839,0.5842676985740045,0.5842676985740045
251,2024-05-16 12:00:00,0.08208518285188027,0.08208518285188027,-0.0247280936443951,-0.02472213413542257
252,2024-05-16 13:00:00,-0.02260335875560382,-0.02260335875560382,-0.02260335875560382,-0.02260335875560382
253,2024-05-16 14:00:00,-0.021771984167507696,-0.021638762156437008,-0.02190424324108109,-0.02190424324108109
254,2024-05-16 15:00:00,-0.021226583754732853,-0.021226583754732853,-0.021226583754732853,-0.021226583754732853
255,2024-05-16 17:00:00,-0.017550564653863288,-0.017550564653863288,-0.017550564653863288,-0.017550564653863288
256,2024-05-16 18:00:00,-0.015218075180902568,-0.01521550142823025,-0.015218075180902568,-0.01521550142823025
257,2024-05-16 20:00:00,-0.013376071423261249,-0.012658972251190503,-0.013376071423261249,-0.012658972251190503
258,2024-05-16 22:00:00,-0.009579671898109932,-0.008470418131871216,-0.009579671898109932,-0.008470418131871216
259,2024-05-16 23:00:00,-0.007672486535797662,0.008162994833083914,-0.007672486535797662,0.008162994833083914
260,2024-05-17 00:00:00,0.04862309719559921,0.05828866978010594,0.04862309719559921,0.05828866978010594
261,2024-05-17 01:00:00,0.10507560275834305,0.10507560275834305,0.10507560275834305,0.10507560275834305
262,2024-05-17 02:00:00,0.18782399874824818,0.21356673676168803,0.18782399874824818,0.21356673676168803
263,2024-05-17 03:00:00,0.23742865615046416,0.5696360689104878,0.23742865615046416,0.5696360689104878
264,2024-05-17 04:00:00,0.6695887724144987,1.0702094244497018,0.6695887724144987,1.0702094244497018
265,2024-05-17 05:00:00,1.2172086063681244,1.740055491570161,1.2172086063681244,1.740055491570161
266,2024-05-17 06:00:00,1.7261447186051164,1.7261447186051164,1.4234244082358907,1.4234244082358907
267,2024-05-17 07:00:00,1.4783463840059046,1.4787878944609258,0.8264137169140586,0.8264137169140586
268,2024-05-17 08:00:00,0.06380054175070637,0.06380054175070637,0.06158358797615371,0.06158358797615371
269,2024-05-17 09:00:00,0.01678413015035396,0.01678413015035396,-0.034073070282215956,-0.007948598364737602
270,2024-05-17 10:00:00,0.06406516458926403,0.17059706495744087,0.06406516458926403,0.17059706495744087
271,2024-05-17 11:00:00,0.21137758268409845,0.33032495793167316,0.21137758268409845,0.33032495793167316
272,2024-05-17 12:00:00,0.3984167162078027,0.5751838123810376,0.3984167162078027,0.5751838123810376
273,2024-05-17 13:00:00,0.5477076330285735,0.5477076330285735,0.45859845589827253,0.45859845589827253
274,2024-05-17 14:00:00,0.4861082165751338,0.4923622349641634,0.4861082165751338,0.4923622349641634
275,2024-05-17 15:00:00,0.49990971890944413,0.5504210547844022,0.49990971890944413,0.5504210547844022
276,2024-05-17 16:00:00,0.721639259284377,0.9583312570453297,0.721639259284377,0.9583312570453297
277,2024-05-17 17:00:00,1.0880724083495914,1.0885630710632395,1.0880724083495914,1.0885630710632395
278,2024-05-17 18:00:00,1.1209532126563637,1.1210196550658487,1.1209532126563637,1.1210196550658487
279,2024-05-17 19:00:00,1.1372388323811724,1.140330623117157,1.1074347088541092,1.1074347088541092
280,2024-05-17 20:00:00,0.30006688375452883,0.30006688375452883,0.27409274175578946,0.27409274175578946
281,2024-05-17 21:00:00,0.2521355390933,0.2521355390933,0.22502762088218486,0.22502762088218486
282,2024-05-17 22:00:00,0.2760235805679443,0.4247753118566515,0.2760235805679443,0.40832324421980815
283,2024-05-17 23:00:00,0.10171064078376757,0.10171064078376757,-0.09806165407462797,-0.09806165407462797
284,2024-05-18 00:00:00,-0.15790280491102826,-0.11046065626193402,-0.21257089033152976,-0.11046065626193402
285,2024-05-18 01:00:00,0.20051233335487462,0.20211093278301107,0.15342984146203098,0.17737181514848688
286,2024-05-18 02:00:00,0.10192018157324045,0.19066150496306822,0.1015039829559996,0.19066150496306822
287,2024-05-18 03:00:00,0.34498770475969476,0.34606167448748915,0.344320549231828,0.344320549231828
288,2024-05-18 04:00:00,0.5035855945854002,0.5038748345960258,0.5035855945854002,0.5038748345960258
289,2024-05-18 05:00:00,0.712134828013596,0.7404214888721776,0.712134828013596,0.7404214888721776
290,2024-05-18 06:00:00,0.9282425583879621,0.981735396030994,0.9282425583879621,0.981735396030994
291,2024-05-18 08:00:00,2.469258667884186,3.013172237516889,2.469258667884186,3.013172237516889
292,2024-05-18 09:00:00,2.573367693167725,2.6696440992842643,2.57169870833126,2.6696440992842643
293,2024-05-18 10:00:00,2.7587680835467485,2.758858249202264,2.7587680835467485,2.758858249202264
294,2024-05-18 13:00:00,2.899733037421184,2.899733037421184,2.899733037421184,2.899733037421184
295,2024-05-18 14:00:00,3.03687546980297,3.0369952993737623,3.03687546980297,3.0369952993737623
296,2024-05-18 16:00:00,3.237491992819903,3.2378871274609073,3.237491992819903,3.2378871274609073
297,2024-05-18 17:00:00,3.460811097076064,3.4612551403149006,3.460811097076064,3.4612551403149006
298,2024-05-18 18:00:00,3.472526300829095,3.4791421189765392,3.472526300829095,3.4791421189765392
299,2024-05-18 19:00:00,3.5031923688815843,3.50820406658835,3.5031923688815843,3.50820406658835
300,2024-05-18 20:00:00,3.4893916765883564,3.4895295733430043,3.4893243091803807,3.4895295733430043
301,2024-05-18 21:00:00,3.5439243056625767,3.5886013231848732,3.5439243056625767,3.5886013231848732
302,2024-05-18 22:00:00,3.6328017306975706,3.6499175469772007,3.6328017306975706,3.6499175469772007
303,2024-05-19 00:00:00,3.779085747388198,3.779085747388198,3.779085747388198,3.779085747388198
304,2024-05-19 01:00:00,3.8279359146425724,3.8279359146425724,3.8279359146425724,3.8279359146425724
305,2024-05-19 02:00:00,3.9032689448110123,3.903385085069244,3.9032689448110123,3.903385085069244
306,2024-05-19 03:00:00,3.969865062743848,3.9740064038967935,3.969865062743848,3.9740064038967935
307,2024-05-19 04:00:00,3.988886161236336,3.993773617138359,3.988886161236336,3.993773617138359
308,2024-05-19 05:00:00,4.015578282768418,4.015578282768418,4.015578282768418,4.015578282768418
309,2024-05-19 07:00:00,4.05693394860125,4.060173475744718,4.05693394860125,4.060173475744718
310,2024-05-19 08:00:00,4.064654685412534,4.064937831015778,4.064654685412534,4.064937831015778
311,2024-05-19 09:00:00,4.064946325082016,4.066099162126304,4.064946325082016,4.066099162126304
312,2024-05-19 10:00:00,4.070307611187329,4.074015762074045,4.070307611187329,4.074015762074045
313,2024-05-19 13:00:00,3.8143011258124924,3.8143011258124924,3.814139624151328,3.814139624151328
314,2024-05-19 15:00:00,3.6151778481126744,3.6151778481126744,3.6130334134752298,3.6130334134752298
315,2024-05-19 16:00:00,3.0633495215049633,3.0633495215049633,3.0590739384883667,3.0590739384883667
316,2024-05-19 19:00:00,1.9678334599862897,1.9678334599862897,1.7630533872848844,1.7630533872848844
317,2024-05-19 20:00:00,1.5079230719085208,1.5079230719085208,1.5079230719085208,1.5079230719085208
318,2024-05-19 21:00:00,1.3272543506908603,1.3272543506908603,1.1047581860987248,1.1047581860987248
319,2024-05-19 22:00:00,1.0234953233348403,1.0234953233348403,0.8984325023491759,0.8984325023491759
320,2024-05-19 23:00:00,0.7953288366650111,0.7953288366650111,0.7129553395328787,0.7129553395328787
321,2024-05-20 01:00:00,0.5952358460068894,0.5952358460068894,0.569547479166542,0.569547479166542
322,2024-05-20 02:00:00,0.5356568298074391,0.5356568298074391,0.5033675456357343,0.5033675456357343
323,2024-05-20 03:00:00,0.4818234955233782,0.4818234955233782,0.37800091594082663,0.37800091594082663
324,2024-05-20 04:00:00,0.37319506310975314,0.37319506310975314,0.28948694197885994,0.28948694197885994
325,2024-05-20 05:00:00,0.24637262285385964,0.24637262285385964,0.14109464132209193,0.14109464132209193
326,2024-05-20 06:00:00,0.1023177300795246,0.1023177300795246,0.08815317478291806,0.09018496427559386
327,2024-05-20 07:00:00,0.09963257711097206,0.11548085056849988,0.09963257711097206,0.11548085056849988
328,2024-05-20 08:00:00,0.13201719213766583,0.23790187763088277,0.13201719213766583,0.23790187763088277
329,2024-05-20 09:00:00,0.4732620595897086,0.4987569725658427,0.4732620595897086,0.4987569725658427
330,2024-05-20 10:00:00,0.7941287392697709,0.7941287392697709,0.7941287392697709,0.7941287392697709
331,2024-05-20 11:00:00,1.1215597394959298,1.2744177642215861,1.1215597394959298,1.2744177642215861
332,2024-05-20 12:00:00,1.4793860613631025,1.4793860613631025,1.4793860613631025,1.4793860613631025
333,2024-05-20 14:00:00,1.8067485104538545,1.826931249016007,1.8067485104538545,1.826931249016007
334,2024-05-20 15:00:00,1.8212566674187247,1.8212566674187247,1.8212566674187247,1.8212566674187247
335,2024-05-20 16:00:00,1.8152793754575556,1.8152793754575556,1.8152793754575556,1.8152793754575556
336,2024-05-20 17:00:00,1.8090687726575023,1.8090687726575023,1.8086959367105475,1.8089513324164987
337,2024-05-20 18:00:00,1.825911063189896,1.825911063189896,1.825911063189896,1.825911063189896
338,2024-05-20 21:00:00,1.8527612098331647,1.8565183999160944,1.8527612098331647,1.8565183999160944
339,2024-05-20 22:00:00,1.8144600288594677,1.8144600288594677,1.8144600288594677,1.8144600288594677
340,2024-05-20 23:00:00,1.759926413126248,1.759926413126248,1.759926413126248,1.759926413126248
341,2024-05-21 00:00:00,1.6768467475460178,1.6768467475460178,1.6768467475460178,1.6768467475460178
342,2024-05-21 01:00:00,1.6577515278987995,1.6577515278987995,1.634846575727686,1.634846575727686
343,2024-05-21 02:00:00,1.6441278833214188,1.6495835266245935,1.6441278833214188,1.6490942055045745
344,2024-05-21 03:00:00,1.6524711295921866,1.8424205760937555,1.6524711295921866,1.8424205760937555
345,2024-05-21 04:00:00,1.994241987006498,2.0921332801887584,1.994241987006498,2.0921332801887584
346,2024-05-21 05:00:00,2.0970958456243336,2.1057176172013254,2.0970958456243336,2.1057176172013254
347,2024-05-21 06:00:00,2.1073898644545426,2.139625325446779,2.1073898644545426,2.139625325446779
348,2024-05-21 07:00:00,2.1734423289245983,2.2768646340849847,2.1734423289245983,2.2768646340849847
349,2024-05-21 08:00:00,2.3021436839333855,2.315179868922573,1.9276081921602146,1.9276081921602146
350,2024-05-21 09:00:00,1.9205599347039666,2.0973332678792063,1.8950178134872413,2.0973332678792063
351,2024-05-21 10:00:00,3.0288188294397207,3.0409403014056053,3.0288188294397207,3.0409403014056053
352,2024-05-21 11:00:00,3.0880380536640617,3.1164740873661643,3.0880380536640617,3.1164740873661643
353,2024-05-21 12:00:00,3.246806556033132,3.2472024925457346,3.246806556033132,3.2472024925457346
354,2024-05-21 13:00:00,2.366700908801787,2.366700908801787,2.05102128239619,2.070824028976312
355,2024-05-21 14:00:00,2.189781038897412,2.189781038897412,2.189781038897412,2.189781038897412
356,2024-05-21 15:00:00,2.3748927572839964,2.4595717325706183,2.3748927572839964,2.4595717325706183
357,2024-05-21 16:00:00,2.7337670568230794,2.7870928981266134,2.7337670568230794,2.7870928981266134
358,2024-05-21 18:00:00,3.4044158113912735,3.5474264716723214,3.4044158113912735,3.5474264716723214
359,2024-05-21 19:00:00,3.6407533898970845,3.9191435454638475,3.6407533898970845,3.9191435454638475
360,2024-05-21 20:00:00,3.9727998444225303,4.0651167958597005,3.9727998444225303,4.0651167958597005
361,2024-05-21 21:00:00,4.091617832169919,4.091690894251116,3.763960803941628,3.763960803941628
362,2024-05-21 22:00:00,3.718900404273378,3.718900404273378,2.801514645074399,2.801514645074399
363,2024-05-21 23:00:00,2.3785951511485375,2.3785951511485375,1.646817799464706,1.646817799464706
364,2024-05-22 00:00:00,1.5504375171266345,1.5504375171266345,1.316582941544738,1.316582941544738
365,2024-05-22 01:00:00,0.6409176953241558,0.6409176953241558,0.636153951804076,0.636153951804076
366,2024-05-22 02:00:00,0.2800759542800175,0.29833100939083845,0.2794554197114092,0.29833100939083845
367,2024-05-22 03:00:00,0.42699530856318946,0.44311912020507793,0.1721135389481625,0.1721135389481625
368,2024-05-22 04:00:00,0.1345829825255085,0.1345829825255085,0.07920469967348209,0.07920469967348209
369,2024-05-22 06:00:00,0.5827270856556308,0.9779063800507353,0.5827270856556308,0.9779063800507353
370,2024-05-22 09:00:00,1.4887281961896264,1.4937705534963888,1.4887281961896264,1.4937705534963888
371,2024-05-22 10:00:00,1.688935227711427,1.7462423199186499,1.688935227711427,1.7462423199186499
372,2024-05-22 15:00:00,2.701502530299127,2.701910556549304,2.701502530299127,2.701910556549304
373,2024-05-22 16:00:00,1.2585758594941088,1.2585758594941088,1.1353741249644669,1.1353741249644669
374,2024-05-22 17:00:00,1.0145031950723733,1.0145031950723733,1.0141140845927072,1.0141140845927072
375,2024-05-22 18:00:00,1.210344780462087,1.210344780462087,1.210344780462087,1.210344780462087
376,2024-05-22 19:00:00,1.442861825554694,1.4431900684536871,1.442861825554694,1.4431900684536871
377,2024-05-22 20:00:00,1.367800279128267,1.5648049498518035,1.3313398460762826,1.5648049498518035
378,2024-05-22 22:00:00,2.211017905397104,2.238880517567822,2.211017905397104,2.238880517567822
379,2024-05-22 23:00:00,3.01276789119245,3.0246927891403717,3.01276789119245,3.0246927891403717
380,2024-05-23 00:00:00,3.0247518553102086,3.0247518553102086,2.9964687122930997,2.9964687122930997
381,2024-05-23 01:00:00,2.9842743750365934,2.9842743750365934,2.979065569484665,2.979065569484665
382,2024-05-23 02:00:00,2.9743562683379317,2.9743562683379317,2.8703123483933046,2.8703123483933046
383,2024-05-23 03:00:00,2.6019780408101503,2.6019780408101503,2.6019780408101503,2.6019780408101503
384,2024-05-23 04:00:00,2.3368731675252983,2.3368731675252983,2.336292503503615,2.336292503503615
385,2024-05-23 05:00:00,1.9261926589727305,1.9261926589727305,1.9261926589727305,1.9261926589727305
386,2024-05-23 09:00:00,1.2211292739187702,1.2211292739187702,1.2208232157861199,1.2208232157861199
387,2024-05-23 12:00:00,0.6669738829983618,0.6669738829983618,0.6669738829983618,0.6669738829983618
388,2024-05-23 14:00:00,0.4299623652109066,0.4300564761080774,0.3492763134134673,0.3492763134134673
389,2024-05-23 15:00:00,0.21749313133168746,0.21749313133168746,0.12150047289646237,0.12150047289646237
390,2024-05-23 16:00:00,-0.10100896802064507,-0.10100896802064507,-0.1012777947876844,-0.10116444445504025
391,2024-05-23 18:00:00,-0.09093077101855074,-0.09091754270709562,-0.09093077101855074,-0.09091754270709562
392,2024-05-23 19:00:00,-0.028870070366313505,-0.01682182544305655,-0.028870070366313505,-0.01682182544305655
393,2024-05-23 20:00:00,0.009373511796853418,0.16742305996591456,0.009373511796853418,0.16742305996591456
394,2024-05-23 21:00:00,0.19380808589307685,0.22047403893601558,0.1937464246867211,0.22047403893601558
395,2024-05-23 22:00:00,0.3752979404042982,0.7064002496784947,0.3752979404042982,0.7064002496784947
396,2024-05-23 23:00:00,0.7128200857595783,0.7136813544452199,0.7128200857595783,0.7136813544452199
397,2024-05-24 00:00:00,0.7142824953326288,0.7174760704285508,0.7142824953326288,0.7174760704285508
398,2024-05-24 02:00:00,0.7292097356989578,0.7292825132675544,0.7292097356989578,0.7292825132675544
399,2024-05-24 03:00:00,0.7362225079482358,0.7362225079482358,0.7362225079482358,0.7362225079482358
400,2024-05-24 04:00:00,0.7432677179962328,0.7432677179962328,0.6810046388936082,0.6810046388936082
401,2024-05-24 05:00:00,0.6829945464791136,0.7058884990099141,0.6829945464791136,0.7058884990099141
402,2024-05-24 06:00:00,0.728369391386916,0.728369391386916,0.728369391386916,0.728369391386916
403,2024-05-24 08:00:00,0.8147768009492642,0.82004403078427,0.8147768009492642,0.82004403078427
404,2024-05-24 09:00:00,0.9466537533963737,0.9466537533963737,0.9466537533963737,0.9466537533963737
405,2024-05-24 10:00:00,1.1706274077971601,1.1987050074293397,1.1706274077971601,1.1987050074293397
406,2024-05-24 11:00:00,1.2454724606238967,1.4239962964721093,1.2454724606238967,1.4239962964721093
407,2024-05-24 12:00:00,1.4295151147144267,1.4295151147144267,1.4295151147144267,1.4295151147144267
408,2024-05-24 13:00:00,1.453777323954784,1.4698284416360061,1.453777323954784,1.4698284416360061
409,2024-05-24 14:00:00,1.4954788251193198,1.4979884529274687,1.4954788251193198,1.4979884529274687
410,2024-05-24 15:00:00,1.4972532126987366,1.4972532126987366,1.4807234263536575,1.4807234263536575
411,2024-05-24 16:00:00,1.479545520869086,1.479545520869086,1.4394152876909012,1.4394152876909012
412,2024-05-24 17:00:00,1.4379247446388201,1.4379247446388201,1.4233923338512477,1.4233923338512477
413,2024-05-24 18:00:00,0.6733235842205538,0.6733235842205538,0.6733235842205538,0.6733235842205538
414,2024-05-24 19:00:00,0.3465403541091516,0.3465403541091516,0.12320606705678538,0.12320606705678538
415,2024-05-24 21:00:00,-0.11144848432405241,-0.11144848432405241,-0.1631483467601077,-0.1605110559663815
416,2024-05-24 22:00:00,-0.15677719948393065,-0.1567653196381691,-0.15677719948393065,-0.1567653196381691
417,2024-05-24 23:00:00,-0.14617393841958382,-0.14616100453750847,-0.14617393841958382,-0.14616100453750847
418,2024-05-25 00:00:00,0.191887720482657,0.191887720482657,0.191887720482657,0.191887720482657
419,2024-05-25 01:00:00,0.4980615694582884,0.8598280933970113,0.4980615694582884,0.8598280933970113
420,2024-05-25 02:00:00,0.8614994937519431,0.8672507971049697,0.8614994937519431,0.8672507971049697
421,2024-05-25 03:00:00,0.8625233812421922,0.8625233812421922,0.8397430044714254,0.8397430044714254
422,2024-05-25 04:00:00,0.8657172846045376,0.8657172846045376,0.8657172846045376,0.8657172846045376
423,2024-05-25 05:00:00,0.9187358579670306,0.9770367260906527,0.9187358579670306,0.9770367260906527
424,2024-05-25 06:00:00,0.984884737730408,0.9951638415901796,0.984884737730408,0.9951638415901796
425,2024-05-25 07:00:00,1.004636554801174,1.0077005022970176,1.004636554801174,1.0077005022970176
426,2024-05-25 09:00:00,1.0106456310838077,1.010840623881268,1.0106456310838077,1.010840623881268
427,2024-05-25 10:00:00,1.012477573334151,1.012477573334151,1.012477573334151,1.012477573334151
428,2024-05-25 15:00:00,1.0194659845629337,1.0208486260078562,1.0194659845629337,1.0208486260078562
429,2024-05-25 17:00:00,1.0109836026836398,1.0109836026836398,1.0109836026836398,1.0109836026836398
430,2024-05-25 21:00:00,0.9896069962030656,0.9896069962030656,0.9895320834054051,0.9895320834054051
431,2024-05-25 22:00:00,0.9794320807502683,0.9794320807502683,0.9794320807502683,0.9794320807502683
432,2024-05-26 00:00:00,0.9671183136890076,0.9671183136890076,0.9671183136890076,0.9671183136890076
433,2024-05-26 01:00:00,0.953121810935811,0.953121810935811,0.953121810935811,0.953121810935811
434,2024-05-26 02:00:00,0.9448828383182069,0.9448828383182069,0.9448828383182069,0.9448828383182069
435,2024-05-26 03:00:00,0.9432199223054472,0.9563478823650975,0.9432061471593507,0.9563478823650975
436,2024-05-26 04:00:00,1.0032323190317047,1.0194339582600818,1.0032323190317047,1.0194339582600818
437,2024-05-26 05:00:00,1.0198966472382893,1.0224877878473504,1.0198966472382893,1.0224877878473504
438,2024-05-26 06:00:00,1.0362090915811724,1.0366574187976516,1.0362090915811724,1.0366574187976516
439,2024-05-26 10:00:00,1.0481338876307507,1.0482902912224636,1.0481338876307507,1.0482902912224636
440,2024-05-26 11:00:00,1.1035311022868308,1.1054132326039934,1.1035311022868308,1.1054132326039934
441,2024-05-26 12:00:00,1.1403211979538432,1.152617484195749,1.1403211979538432,1.152617484195749
442,2024-05-26 13:00:00,1.1552771357302936,1.1688514056760253,1.1552771357302936,1.1688514056760253
443,2024-05-26 14:00:00,1.1757135319346665,1.1760988616248205,1.1633815077483063,1.1633815077483063
444,2024-05-26 15:00:00,0.8386602414985909,0.8386602414985909,0.7830410712717788,0.7855634830612714
445,2024-05-26 16:00:00,0.8370343327148815,0.8447377824430367,0.8370343327148815,0.8447377824430367
446,2024-05-26 17:00:00,0.848081365315684,0.848094877893383,0.848081365315684,0.848094877893383
447,2024-05-26 18:00:00,0.8482905733089163,0.8482905733089163,0.8482905733089163,0.8482905733089163
448,2024-05-26 21:00:00,0.8488822866948873,0.8488822866948873,0.8488822866948873,0.8488822866948873
449,2024-05-26 22:00:00,0.8491028353299512,0.8491031908836353,0.7944762194911745,0.7944762194911745
450,2024-05-26 23:00:00,0.7512540790044231,0.7512540790044231,0.719288123264868,0.719288123264868
451,2024-05-27 00:00:00,0.6786614790558032,0.6786614790558032,0.6750536246964609,0.6750536246964609
452,2024-05-27 01:00:00,0.5839943024285736,0.5839943024285736,0.5771527261302236,0.5779967482979627
453,2024-05-27 02:00:00,0.5857025450410986,0.5857248704274094,0.5843988747693458,0.5843988747693458
454,2024-05-27 03:00:00,0.6461740619514993,0.6461740619514993,0.6461740619514993,0.6461740619514993
455,2024-05-27 05:00:00,0.7340716887533503,0.7340716887533503,0.7340716887533503,0.7340716887533503
456,2024-05-27 06:00:00,0.7988580766039775,0.7988580766039775,0.7988580766039775,0.7988580766039775
457,2024-05-27 07:00:00,0.8816540935619543,0.8817684097760332,0.8816540935619543,0.8817684097760332
458,2024-05-27 08:00:00,0.8879749010095259,0.888322853357226,0.8879749010095259,0.888322853357226
459,2024-05-27 09:00:00,0.898233749714979,0.9068994499486667,0.898233749714979,0.9068994499486667
460,2024-05-27 10:00:00,0.9524729134134997,1.2425516909905818,0.9524729134134997,1.2425516909905818
461,2024-05-27 11:00:00,1.6282266978056819,1.629395012048536,1.6282266978056819,1.629395012048536
462,2024-05-27 13:00:00,1.6742243785096753,1.6742243785096753,1.6742243785096753,1.6742243785096753
463,2024-05-27 14:00:00,1.6991191529403924,1.6991191529403924,1.6991191529403924,1.6991191529403924
464,2024-05-27 16:00:00,1.7578292213568463,1.7578292213568463,1.7578292213568463,1.7578292213568463
465,2024-05-27 21:00:00,1.8603148213955443,1.8637768506887928,1.8603148213955443,1.8637768506887928
466,2024-05-27 22:00:00,1.8836904087579063,1.8909597285669486,1.8836904087579063,1.8909597285669486
467,2024-05-27 23:00:00,1.9132872384027797,2.0002557192333477,1.9132872384027797,2.0002557192333477
468,2024-05-28 00:00:00,2.0341647333115564,2.4445506370194,2.0341647333115564,2.4445506370194
469,2024-05-28 01:00:00,2.4602116245675147,2.6349622140629454,2.4602116245675147,2.6349622140629454
470,2024-05-28 02:00:00,2.7634599576061976,2.8457525760410998,2.7634599576061976,2.8457525760410998
471,2024-05-28 03:00:00,3.0358048232893946,3.2172359558677712,3.0358048232893946,3.2172359558677712
472,2024-05-28 04:00:00,3.217253146717911,3.217253186758641,3.217253146717911,3.217253186758641
473,2024-05-28 05:00:00,3.2215664915004982,3.2254375849373886,3.2215664915004982,3.2254375849373886
474,2024-05-28 07:00:00,3.2382578880799384,3.238268902974932,3.2382578880799384,3.238268902974932
475,2024-05-28 09:00:00,3.2626610509418494,3.3382596429168316,3.2626610509418494,3.3382596429168316
476,2024-05-28 10:00:00,3.338228307927289,3.338228307927289,3.3180909272841124,3.3180909272841124
477,2024-05-28 11:00:00,3.303709039313522,3.303709039313522,3.303709039313522,3.303709039313522
478,2024-05-28 12:00:00,3.2886853239814657,3.2888121736229365,3.2886483844018493,3.2888121736229365
479,2024-05-28 13:00:00,3.2889635430007225,3.2890656638594207,3.2889635430007225,3.2890656638594207
480,2024-05-28 15:00:00,3.2898718711587147,3.2898725490873595,3.2243520924315128,3.2243520924315128
481,2024-05-28 16:00:00,2.788007171793577,2.788007171793577,2.788007171793577,2.788007171793577
482,2024-05-28 18:00:00,1.8667424637300378,1.8667424637300378,1.6844844838363588,1.6844844838363588
483,2024-05-28 20:00:00,1.0254248443872491,1.0254248443872491,1.0169089090789045,1.0169089090789045
484,2024-05-28 21:00:00,0.8682483316001972,0.8682483316001972,0.6870296585729734,0.6870296585729734
485,2024-05-28 22:00:00,0.6515631660142354,0.6515631660142354,0.481274189005126,0.481274189005126
486,2024-05-28 23:00:00,0.453684492009923,0.453684492009923,0.3722725105004996,0.3722725105004996
487,2024-05-29 00:00:00,0.32213148034891903,0.32213148034891903,0.32213148034891903,0.32213148034891903
488,2024-05-29 01:00:00,0.2645556923340793,0.2645556923340793,0.13772431005611407,0.13772961757474844
489,2024-05-29 02:00:00,0.13789643788691652,0.13869372069629105,0.13789643788691652,0.13869372069629105
490,2024-05-29 03:00:00,0.13922049063468478,0.14685033891310373,0.13922049063468478,0.14684108389311668
491,2024-05-29 04:00:00,0.14692081773185683,0.1555770516420223,0.14692081773185683,0.1555770516420223
492,2024-05-29 05:00:00,0.15823739334765152,0.16581239933786662,0.15823739334765152,0.16581239933786662
493,2024-05-29 06:00:00,0.16994056692490478,0.17460085735318231,0.16994056692490478,0.17460085735318231
494,2024-05-29 07:00:00,0.17881703053322795,0.17881703053322795,0.17881703053322795,0.17881703053322795
495,2024-05-29 11:00:00,0.21868962937367598,0.21868962937367598,0.21868962937367598,0.21868962937367598
496,2024-05-29 12:00:00,0.22083638487195412,0.22083638487195412,0.22083638487195412,0.22083638487195412
497,2024-05-29 15:00:00,0.2535431124014307,0.2535578521973092,0.25341148076068176,0.25341148076068176
498,2024-05-29 16:00:00,0.2510795434359929,0.2510795434359929,0.2470339677568072,0.2470339677568072
499,2024-05-29 17:00:00,0.2337918280066391,0.2337918280066391,0.2332838673549702,0.2332838673549702
500,2024-05-29 18:00:00,0.27621855498948134,0.31624963716418675,0.27621855498948134,0.31624963716418675
501,2024-05-29 19:00:00,0.3698571087773541,0.3698571087773541,0.3698571087773541,0.3698571087773541
502,2024-05-29 20:00:00,0.4340491875564416,0.4439548396675119,0.4340491875564416,0.4439548396675119
503,2024-05-29 21:00:00,0.44721996548350273,0.4832239776915441,0.44721996548350273,0.4832239776915441
504,2024-05-29 22:00:00,0.516906210784233,0.5460098116579264,0.516906210784233,0.5460098116579264
505,2024-05-29 23:00:00,0.6273376326313298,0.633617290203013,0.6273376326313298,0.633617290203013
506,2024-05-30 00:00:00,0.6669127376533577,0.6676207371845173,0.6669127376533577,0.6676207371845173
507,2024-05-30 01:00:00,0.667628983151737,0.6688803808532724,0.667628983151737,0.6688803808532724
508,2024-05-30 02:00:00,0.69688370078107,0.7119872842247263,0.69688370078107,0.7119872842247263
509,2024-05-30 03:00:00,0.718224702486677,0.7575574913272809,0.718224702486677,0.7575574913272809
510,2024-05-30 05:00:00,0.852133129655039,0.8905407569613348,0.852133129655039,0.8905407569613348
511,2024-05-30 06:00:00,0.9900055510124139,0.9900055510124139,0.9900055510124139,0.9900055510124139
512,2024-05-30 07:00:00,1.0060101676761666,1.039545153065173,1.0060101676761666,1.039545153065173
513,2024-05-30 08:00:00,1.099335880370131,1.099335880370131,1.099335880370131,1.099335880370131
514,2024-05-30 10:00:00,1.1473159508184967,1.2078851838600912,1.1473159508184967,1.2078851838600912
515,2024-05-30 11:00:00,1.2384117518072841,1.2390603580362782,1.2384117518072841,1.2390603580362782
516,2024-05-30 12:00:00,1.2571427174534917,1.2571427174534917,1.2571427174534917,1.2571427174534917
517,2024-05-30 13:00:00,1.2605688182651176,1.2605688182651176,1.2605688182651176,1.2605688182651176
518,2024-05-30 14:00:00,1.2749803123647028,1.2755213069898441,1.2749803123647028,1.2755213069898441
519,2024-05-30 15:00:00,1.2737145970683623,1.2757711672272376,1.2650023123368839,1.2757711672272376
520,2024-05-30 16:00:00,1.2768652532272733,1.2779739457815684,1.2768652532272733,1.2779739457815684
521,2024-05-30 17:00:00,1.2882946931169776,1.2888069582990256,1.2795130971089987,1.2795130971089987
522,2024-05-30 18:00:00,1.1282829413404274,1.1282829413404274,1.1282829413404274,1.1282829413404274
523,2024-05-30 19:00:00,0.22357994119289026,0.22357994119289026,0.22357994119289026,0.22357994119289026
524,2024-05-30 20:00:00,0.13802621106312207,0.13849905527009954,0.1374212467412741,0.13849905527009954
525,2024-05-30 21:00:00,0.13880642099558615,0.13929945199750837,0.13880642099558615,0.13929945199750837
526,2024-05-30 22:00:00,0.1414435031013761,0.1414435031013761,0.1414435031013761,0.1414435031013761
527,2024-05-30 23:00:00,0.14202069562657682,0.2818408282924878,0.14202069562657682,0.2818408282924878
528,2024-05-31 00:00:00,0.361104752350081,0.6061192077010795,0.361104752350081,0.6061192077010795
529,2024-05-31 01:00:00,0.6912034423935658,0.7562132745096035,0.6912034423935658,0.7562132745096035
530,2024-05-31 02:00:00,0.8689241982271043,0.9072793048215706,0.13374242608347897,0.13374242608347897
531,2024-05-31 03:00:00,0.1182834690639667,0.1194366564545466,0.11819721749687595,0.1194366564545466
532,2024-05-31 04:00:00,0.12515172459812396,0.3181107223951254,0.12515172459812396,0.3181107223951254
533,2024-05-31 05:00:00,0.3442280341196915,0.34437295211532226,0.3442280341196915,0.34437295211532226
534,2024-05-31 06:00:00,0.1240397152479793,0.1240397152479793,0.05499561492504057,0.05499561492504057
535,2024-05-31 07:00:00,0.041211179929087294,0.041211179929087294,0.026639310054461962,0.027030615355580823
536,2024-05-31 08:00:00,0.03588381287078701,0.035897910971580016,0.03588381287078701,0.035897910971580016
537,2024-05-31 10:00:00,0.06150484971138859,0.0679222890868012,0.06150484971138859,0.06723099732777582
538,2024-05-31 11:00:00,0.07232947086484698,0.07234781049232653,0.07232947086484698,0.07234781049232653
539,2024-05-31 12:00:00,0.08738822394245038,0.08738822394245038,0.08738822394245038,0.08738822394245038
540,2024-05-31 14:00:00,0.10536170492949815,0.10627523378603598,0.10536170492949815,0.10627523378603598
541,2024-05-31 15:00:00,0.10628640626751862,0.10947988044772172,0.09976329069081324,0.10947988044772172
542,2024-05-31 17:00:00,0.16374678860341874,0.1656657367820895,0.16374678860341874,0.1656657367820895
543,2024-05-31 18:00:00,0.21986786070790232,0.21992976002268372,0.21986786070790232,0.21992976002268372
544,2024-05-31 19:00:00,0.2392392209816252,0.26663580710133994,0.2392392209816252,0.26663580710133994
545,2024-05-31 21:00:00,0.48621973335455904,0.48621973335455904,0.48621973335455904,0.48621973335455904
546,2024-05-31 22:00:00,0.4922248217078016,0.5917251808771311,0.4922248217078016,0.5917251808771311
547,2024-05-31 23:00:00,0.7355002279979286,0.7593536555388976,0.7355002279979286,0.7593536555388976
548,2024-06-01 00:00:00,0.5142870034432923,0.5142870034432923,0.12910423059500564,0.12910423059500564
549,2024-06-01 01:00:00,-0.06318800191790763,-0.06318800191790763,-0.06363154460995712,-0.06356753037068186
550,2024-06-01 02:00:00,-0.05412704766760612,-0.05411411557646262,-0.05412704766760612,-0.05411411557646262
551,2024-06-01 03:00:00,-0.04846525825334391,-0.04381588002930159,-0.04846525825334391,-0.04381588002930159
552,2024-06-01 04:00:00,-0.030986407104875546,-0.030986407104875546,-0.030986407104875546,-0.030986407104875546
553,2024-06-01 06:00:00,-0.01098084509604269,-0.010958901205242122,-0.01098084509604269,-0.010958901205242122
554,2024-06-01 10:00:00,0.07232311192173424,0.07243679288877103,0.07232311192173424,0.07243679288877103
555,2024-06-01 11:00:00,0.05037533130743865,0.058166425410754785,0.05034904721231337,0.058166425410754785
556,2024-06-01 12:00:00,0.14149153130898107,0.1416461229697199,0.14149153130898107,0.1416461229697199
557,2024-06-01 13:00:00,0.20281956212406205,0.20724528768336525,0.20281956212406205,0.20724528768336525
558,2024-06-01 16:00:00,0.6408162557326442,0.6408162557326442,0.6408162557326442,0.6408162557326442
559,2024-06-01 19:00:00,1.0106438918365952,1.1181763272369505,1.0106438918365952,1.1181763272369505
560,2024-06-01 22:00:00,1.1605320223571245,1.1605584487242915,1.1605320223571245,1.1605584487242915
561,2024-06-01 23:00:00,1.199306374748573,1.2239417344929753,1.199306374748573,1.2239417344929753
562,2024-06-02 02:00:00,1.3554686808567684,1.3554686808567684,1.3554686808567684,1.3554686808567684
563,2024-06-02 03:00:00,1.4119165731399632,1.4119165731399632,1.4119165731399632,1.4119165731399632
564,2024-06-02 08:00:00,1.62612873052174,1.6262175117145201,1.62612873052174,1.6262175117145201
565,2024-06-02 12:00:00,1.7827302239639966,1.7887901073826735,1.7827302239639966,1.7887901073826735
566,2024-06-02 13:00:00,1.849543689655067,1.875010490663191,1.849543689655067,1.875010490663191
567,2024-06-02 14:00:00,1.8864516524808548,1.8864516524808548,1.8864516524808548,1.8864516524808548
568,2024-06-02 16:00:00,1.9007965209415567,1.9008087943874261,1.9007965209415567,1.9008087943874261
569,2024-06-02 17:00:00,1.955311855359331,1.9602311564189647,1.955311855359331,1.9602311564189647
570,2024-06-02 18:00:00,1.9774206515082664,1.977449804700334,1.9774206515082664,1.977449804700334
571,2024-06-02 19:00:00,1.9790360760702708,1.9790360760702708,1.9790360760702708,1.9790360760702708
572,2024-06-02 21:00:00,1.9848022710415951,1.9848022710415951,1.9848022710415951,1.9848022710415951
573,2024-06-03 00:00:00,1.9917449560910288,1.9917449560910288,1.9917449560910288,1.9917449560910288
574,2024-06-03 01:00:00,1.9924270117028313,1.9931092223827735,1.9912685815855204,1.9912685815855204
575,2024-06-03 02:00:00,1.9125618804787412,1.9125618804787412,1.9123765286911074,1.9123765286911074
576,2024-06-03 03:00:00,1.7074760763622536,1.7074760763622536,1.7074760763622536,1.7074760763622536
577,2024-06-03 04:00:00,1.686597442413671,1.686597442413671,1.686597442413671,1.686597442413671
578,2024-06-03 05:00:00,1.5582196804770176,1.5582196804770176,1.507521089066529,1.507521089066529
579,2024-06-03 06:00:00,1.4332860965308,1.4332860965308,1.3959773292935918,1.3959773292935918
580,2024-06-03 07:00:00,1.3459062620404985,1.3459062620404985,1.3424232212943146,1.3424232212943146
581,2024-06-03 08:00:00,1.2698807445309535,1.2698807445309535,1.2398941200894833,1.2398941200894833
582,2024-06-03 09:00:00,1.15785297076448,1.15785297076448,1.091205777342795,1.091205777342795
583,2024-06-03 11:00:00,0.9688192541123666,0.9688192541123666,0.877371404432441,0.877371404432441
584,2024-06-03 14:00:00,0.9129019907244955,0.9133213459003717,0.9129019907244955,0.9133213459003717
585,2024-06-03 16:00:00,0.9483098889716619,0.9483098889716619,0.9483098889716619,0.9483098889716619
586,2024-06-03 17:00:00,0.9558631804764508,0.9763676080376908,0.8023908853481232,0.8023908853481232
587,2024-06-03 18:00:00,0.8138705861417987,0.8141968499968684,0.8138705861417987,0.8141968499968684
588,2024-06-03 19:00:00,0.818227612556095,0.818227612556095,0.818227612556095,0.818227612556095
589,2024-06-03 20:00:00,0.8302723522110971,0.8302925942613548,0.8070012176658474,0.8070012176658474
590,2024-06-03 21:00:00,1.0705894746009368,1.1789228017381226,1.0705894746009368,1.1789228017381226
591,2024-06-03 22:00:00,1.263680947407908,1.276043490332376,1.263680947407908,1.276043490332376
592,2024-06-03 23:00:00,1.2828449565186175,1.2828829396810795,1.2780364485938653,1.2780364485938653
593,2024-06-04 00:00:00,1.2049331111304493,1.2049331111304493,1.185771089448814,1.185771089448814
594,2024-06-04 01:00:00,1.1634310325306467,1.1634310325306467,1.1634310325306467,1.1634310325306467
595,2024-06-04 04:00:00,1.0050120659600292,1.0050120659600292,1.0050120659600292,1.0050120659600292
596,2024-06-04 05:00:00,0.9184124107615272,0.9184124107615272,0.9183308326508357,0.9183308326508357
597,2024-06-04 07:00:00,0.8396558714466316,0.8396558714466316,0.8396558714466316,0.8396558714466316
598,2024-06-04 08:00:00,0.8089942046570782,0.8208395341418901,0.8089106752197468,0.81562020047523
599,2024-06-04 10:00:00,0.741234401015356,0.7788349932867729,0.7411570999988899,0.7788349932867729
600,2024-06-04 17:00:00,1.0587331915584817,1.0778918416079044,1.0587331915584817,1.0778918416079044
601,2024-06-04 18:00:00,1.065472646087544,1.065472646087544,1.0474616385487758,1.05801730586971
602,2024-06-04 19:00:00,1.0613688633757623,1.0613688633757623,1.0613688633757623,1.0613688633757623
603,2024-06-04 20:00:00,1.0678650657435398,1.0747951044805437,1.0678650657435398,1.0747951044805437
604,2024-06-04 21:00:00,1.1021371053355047,1.1165708611113896,1.1021371053355047,1.1165708611113896
605,2024-06-04 22:00:00,1.142446727108001,1.1463423266551778,1.142446727108001,1.1463423266551778
606,2024-06-04 23:00:00,1.1750786010587602,1.185378750816219,1.1750786010587602,1.185378750816219
607,2024-06-05 00:00:00,1.192286314489198,1.2043497906909422,1.192286314489198,1.2043497906909422
608,2024-06-05 02:00:00,1.2558698962511041,1.2981810000521339,1.2558698962511041,1.2981810000521339
609,2024-06-05 05:00:00,1.3128848624423295,1.3139995311887374,1.3128848624423295,1.3139995311887374
610,2024-06-05 06:00:00,1.314766176701451,1.3147752688791412,1.314766176701451,1.3147752688791412
611,2024-06-05 07:00:00,1.3154296388880393,1.3154303017466509,1.3154296388880393,1.3154303017466509
612,2024-06-05 08:00:00,1.3240353273424716,1.4281463015042255,1.3240353273424716,1.4281463015042255
613,2024-06-05 10:00:00,2.063914187286327,2.064619082716995,2.063914187286327,2.064619082716995
614,2024-06-05 11:00:00,2.084713058339524,2.08681587293705,2.084713058339524,2.08681587293705
615,2024-06-05 12:00:00,2.0956898754453017,2.1045584516511138,2.0956898754453017,2.1045584516511138
616,2024-06-05 14:00:00,2.1223318326979492,2.1262087601651176,2.1223318326979492,2.1262087601651176
617,2024-06-05 15:00:00,2.136097895644255,2.136115774246124,2.136097895644255,2.136115774246124
618,2024-06-05 16:00:00,2.3101622337873997,2.376857778493716,2.3101622337873997,2.376857778493716
619,2024-06-05 18:00:00,2.549755739929863,2.550795347522919,2.549755739929863,2.550795347522919
620,2024-06-05 19:00:00,2.5508440381657254,2.550844117856199,2.5508440381657254,2.550844117856199
621,2024-06-05 20:00:00,1.971395270446124,1.971395270446124,1.889820210209276,1.889820210209276
622,2024-06-05 21:00:00,1.6736607020172674,1.6736607020172674,1.6736607020172674,1.6736607020172674
623,2024-06-05 22:00:00,1.4105669582549178,1.4462186169698161,1.371435815703221,1.4462186169698161
624,2024-06-06 00:00:00,2.110362859077513,2.145998198571875,2.110362859077513,2.145998198571875
625,2024-06-06 01:00:00,2.2544042905127264,2.2544042905127264,2.2544042905127264,2.2544042905127264
626,2024-06-06 02:00:00,2.287729062796865,2.2972478042990647,2.287729062796865,2.2972478042990647
627,2024-06-06 03:00:00,2.505361717142104,2.50557603911784,2.505361717142104,2.50557603911784
628,2024-06-06 04:00:00,2.7354768929906172,2.7354768929906172,2.7354768929906172,2.7354768929906172
629,2024-06-06 05:00:00,2.829641548873715,2.830031766854896,2.829641548873715,2.830031766854896
630,2024-06-06 06:00:00,3.1029951252916543,3.1029951252916543,3.1029951252916543,3.1029951252916543
631,2024-06-06 07:00:00,3.3966212139428373,3.3966212139428373,3.3966212139428373,3.3966212139428373
632,2024-06-06 08:00:00,3.666312217300619,3.7929715017967345,3.666312217300619,3.7929715017967345
633,2024-06-06 12:00:00,4.614277884367516,4.614277884367516,4.614277884367516,4.614277884367516
634,2024-06-06 13:00:00,4.928491562993756,4.9300086408033925,4.928491562993756,4.9300086408033925
635,2024-06-06 14:00:00,4.943268664236194,4.958156478776651,4.943268664236194,4.958156478776651
636,2024-06-06 15:00:00,4.632951097533862,4.632951097533862,4.632951097533862,4.632951097533862
637,2024-06-06 17:00:00,3.6779381027335294,3.6779381027335294,3.6773141169426298,3.6773141169426298
638,2024-06-06 18:00:00,3.3314053371480847,3.3314053371480847,3.2080597446278283,3.2080597446278283
639,2024-06-06 19:00:00,3.0182263342554823,3.0182263342554823,2.7409950686926288,2.7409950686926288
640,2024-06-06 20:00:00,2.5562345875268715,2.5562345875268715,2.534761799841097,2.534761799841097
641,2024-06-06 23:00:00,1.3481043763903422,1.3481043763903422,1.333910277252464,1.333910277252464
642,2024-06-07 00:00:00,1.126410920408191,1.126410920408191,1.0569289012861507,1.0569565188133092
643,2024-06-07 01:00:00,1.0591835714223423,1.059374573496822,1.0591835714223423,1.059374573496822
644,2024-06-07 03:00:00,1.0970522533198737,1.0970522533198737,1.0970522533198737,1.0970522533198737
645,2024-06-07 04:00:00,1.1089686653761444,1.1090524947955243,1.1089686653761444,1.1090524947955243
646,2024-06-07 05:00:00,1.1263172706425335,1.1263172706425335,1.1263172706425335,1.1263172706425335
647,2024-06-07 06:00:00,1.155266059252825,1.155266059252825,1.155266059252825,1.155266059252825
648,2024-06-07 07:00:00,1.1751354514527894,1.1751354514527894,1.1751354514527894,1.1751354514527894
649,2024-06-07 08:00:00,1.1875426273070229,1.1875426273070229,1.1875426273070229,1.1875426273070229
650,2024-06-07 11:00:00,1.238325843333791,1.2421057090050454,1.238325843333791,1.2421057090050454
651,2024-06-07 12:00:00,1.2496583704246942,1.2567892755030607,1.2496583704246942,1.2567892755030607
652,2024-06-07 13:00:00,1.274732210063481,1.2807899291983533,1.274732210063481,1.2807899291983533
653,2024-06-07 14:00:00,1.2868100320888298,1.2868100320888298,1.2868100320888298,1.2868100320888298
654,2024-06-07 16:00:00,1.3109355242748255,1.3109355242748255,1.3109355242748255,1.3109355242748255
655,2024-06-07 19:00:00,1.3522868183120438,1.3528402021145238,1.3522868183120438,1.3528402021145238
656,2024-06-07 20:00:00,1.457762774091257,1.4821238083821542,1.457762774091257,1.4821238083821542
657,2024-06-07 21:00:00,1.5308030846709695,1.5308030846709695,1.5308030846709695,1.5308030846709695
658,2024-06-08 00:00:00,1.8103783064121912,1.8103783064121912,1.8103783064121912,1.8103783064121912
659,2024-06-08 01:00:00,1.8158450706348352,1.9011255001299787,1.8158450706348352,1.9011255001299787
660,2024-06-08 02:00:00,1.903870627106993,1.9054678480830458,-0.010512145856406141,-0.010512145856406141
661,2024-06-08 03:00:00,-0.12285264770894821,-0.12285264770894821,-0.3191996654185757,-0.29474445937070237
662,2024-06-08 04:00:00,-0.2647370659063505,-0.26160106670956607,-0.2647370659063505,-0.26160106670956607
663,2024-06-08 05:00:00,-0.09499764766343921,-0.0947866092819587,-0.09499764766343921,-0.0947866092819587
664,2024-06-08 06:00:00,0.03283594706683868,0.03283594706683868,0.03283594706683868,0.03283594706683868
665,2024-06-08 07:00:00,0.14561908534951296,0.14589455098183657,0.14512183160393666,0.145254866742631
666,2024-06-08 08:00:00,0.14435086082149184,0.14435086082149184,0.14388889882700528,0.14388889882700528
667,2024-06-08 09:00:00,0.14157672697435464,0.14157672697435464,0.13196522348069473,0.132301621478361
668,2024-06-08 10:00:00,0.13443445853216485,0.13451873161523098,0.13329669055485494,0.13329669055485494
669,2024-06-08 11:00:00,0.1329364223384213,0.1329879671158789,0.1328992180449191,0.1329879671158789
670,2024-06-08 12:00:00,0.1347005201430238,0.1347033909056583,0.13400560603772815,0.13400560603772815
671,2024-06-08 13:00:00,0.13348389872606692,0.13348389872606692,0.13348389872606692,0.13348389872606692
672,2024-06-08 14:00:00,0.13339867126424765,0.13624419689121114,0.13339787103659995,0.13624419689121114
673,2024-06-08 15:00:00,0.13466857343216843,0.13466857343216843,0.133624710518516,0.133624710518516
674,2024-06-08 16:00:00,0.13325448339987078,0.1348347891934949,0.13325026738469847,0.13387519656432767
675,2024-06-08 17:00:00,0.13250321900503326,0.13250321900503326,0.13250321900503326,0.13250321900503326
676,2024-06-08 18:00:00,0.13179209988522755,0.14155240747526587,0.1317203370759772,0.1408604297984839
677,2024-06-08 19:00:00,0.1398524752765653,0.1398524752765653,0.13354473883487628,0.13354473883487628
678,2024-06-08 20:00:00,0.13355452604935758,0.13570238380301936,0.1328035387301325,0.13508247990464683
679,2024-06-08 21:00:00,0.13364502988229998,0.13364502988229998,0.11337715004297944,0.11639960534072902
680,2024-06-08 22:00:00,0.11604261250895842,0.12034539547814749,0.11604002601992747,0.1193422781599971
681,2024-06-08 23:00:00,0.11831358111163981,0.11831358111163981,0.11831358111163981,0.11831358111163981
682,2024-06-09 00:00:00,0.1174001648772447,0.1193685698896978,0.11739760494341422,0.1193685698896978
683,2024-06-09 01:00:00,0.15904924246015884,0.15908807661577606,0.15904924246015884,0.15908807661577606
684,2024-06-09 02:00:00,0.1609432094456804,0.1610402007087821,0.1609432094456804,0.1610402007087821
685,2024-06-09 04:00:00,0.22185315681434004,0.2278016947108794,0.22185315681434004,0.2278016947108794
686,2024-06-09 06:00:00,0.2736727052035819,0.2908330263150898,0.2736727052035819,0.2908330263150898
687,2024-06-09 07:00:00,0.3044882483763678,0.3216992080057337,0.3044882483763678,0.3216992080057337
688,2024-06-09 09:00:00,0.349007729369593,0.36285270850497553,0.349007729369593,0.36285270850497553
689,2024-06-09 10:00:00,0.373638531123611,0.373638531123611,0.373638531123611,0.373638531123611
690,2024-06-09 16:00:00,0.5289829872951912,0.5289829872951912,0.5289829872951912,0.5289829872951912
691,2024-06-09 23:00:00,0.7280801055268191,0.7280801055268191,0.7280801055268191,0.7280801055268191
692,2024-06-10 02:00:00,0.8178011019037237,0.8183217767629807,0.8178011019037237,0.8183217767629807
693,2024-06-10 04:00:00,0.8276305834508579,0.8316119983988028,0.8276305834508579,0.8316119983988028
694,2024-06-10 05:00:00,0.8316124148642412,0.8316124148642412,0.8316124148642412,0.8316124148642412
695,2024-06-10 07:00:00,0.8316130442217453,0.8323209597230876,0.8316130442217453,0.8323209597230876
696,2024-06-10 08:00:00,0.8354420475201934,0.8391827341672766,0.8354420475201934,0.8391827341672766
697,2024-06-10 09:00:00,0.8395178915960615,0.8395245953658628,0.8395178915960615,0.8395245953658628
698,2024-06-10 11:00:00,0.8427414334023595,0.8432699062946909,0.8427414334023595,0.8432699062946909
